# Step 7c's floor replays (PLAN.md step 7c). ref files: <ref_dir>/<name>{_games.jsonl,_coverage.json,.md}, each the blob at ref_commit and on main (checked Oct 9 at main d9f867c7).
# FLOOR_PY_DIFF	ec133dab0b061a06199ff268ada501999c8c2f7d	2f9f5b06ec40b982886afde76e361a7094d1e2fe	e8d161353d9baf660c47910a196d3e93e71da3b76092aaa0425dcb3da8032235
# (floor.py's blob the pages were made with, its blob today, and the sha256 of `git diff <a> <b>`: floor.py's ATTACKERS table, draft A only; 9e139e65, Oct 2)
page_id	name	ref_dir	ref_commit	deck	deck_blob	floor_py_made	floor_py_ok	mode
02	02-arceus-crobat	rl/results/floor_dustin_2026-09-30	4690810278b40b490d7c57aee2c7b35ae315ddab	decks/dustin/02-arceus-crobat.txt	133d3e83124ceaacc0d547f44647f4930881db88	8e5395e63a14636827260bcb6e8631f02734aec690d9cf334fce606ed20dce0a	8e5395e63a14636827260bcb6e8631f02734aec690d9cf334fce606ed20dce0a,763278659ea9a1ac7983c9cd2da2ff5f1f2c1e96468818cb84b29c106bb4b1e0	equal
06	06-mega-blaziken-tournament-list	rl/results/floor_dustin_2026-09-30	4690810278b40b490d7c57aee2c7b35ae315ddab	decks/dustin/06-mega-blaziken-tournament-list.txt	a7a2e016d74a72a344f8933a9eb461605c3e73e7	8e5395e63a14636827260bcb6e8631f02734aec690d9cf334fce606ed20dce0a	8e5395e63a14636827260bcb6e8631f02734aec690d9cf334fce606ed20dce0a,763278659ea9a1ac7983c9cd2da2ff5f1f2c1e96468818cb84b29c106bb4b1e0	equal
08	08-garchomp-toolbox	rl/results/floor_dustin_2026-09-30	4690810278b40b490d7c57aee2c7b35ae315ddab	decks/dustin/08-garchomp-toolbox.txt	1ad01fd6108a999b314d2987928b2666005373cc	8e5395e63a14636827260bcb6e8631f02734aec690d9cf334fce606ed20dce0a	8e5395e63a14636827260bcb6e8631f02734aec690d9cf334fce606ed20dce0a,763278659ea9a1ac7983c9cd2da2ff5f1f2c1e96468818cb84b29c106bb4b1e0	equal
14	14-comfey-raticate-hypno	rl/results/floor_dustin_2026-09-30	4690810278b40b490d7c57aee2c7b35ae315ddab	decks/dustin/14-comfey-raticate-hypno.txt	7cdedde506221ce370643c1171e83ea3dfc8c542	8e5395e63a14636827260bcb6e8631f02734aec690d9cf334fce606ed20dce0a	8e5395e63a14636827260bcb6e8631f02734aec690d9cf334fce606ed20dce0a,763278659ea9a1ac7983c9cd2da2ff5f1f2c1e96468818cb84b29c106bb4b1e0	equal
10	10-xatu-oricorio-tr-weezing	rl/results/floor_dustin_2026-09-30	4690810278b40b490d7c57aee2c7b35ae315ddab	decks/dustin/10-xatu-oricorio-tr-weezing.txt	cee34f8420703b028f08377e98d9721f623566dd	8e5395e63a14636827260bcb6e8631f02734aec690d9cf334fce606ed20dce0a	8e5395e63a14636827260bcb6e8631f02734aec690d9cf334fce606ed20dce0a,763278659ea9a1ac7983c9cd2da2ff5f1f2c1e96468818cb84b29c106bb4b1e0	report-opponent:t-weezing
D_root	draft-D-entei-grimhound	rl/results/floor_drafts_2026-10-02	99cdec0c0c578255fdaa8d2dea847e4b18de9748	rl/results/engine_switch_rules2_2026-10/floor_7c/d_first/draft-D-entei-grimhound.txt	b15acdd100cfd216d180ad12bd2da659a0226807	8e5395e63a14636827260bcb6e8631f02734aec690d9cf334fce606ed20dce0a	8e5395e63a14636827260bcb6e8631f02734aec690d9cf334fce606ed20dce0a,763278659ea9a1ac7983c9cd2da2ff5f1f2c1e96468818cb84b29c106bb4b1e0	equal,caveat:B3 025
D_amended	draft-D-entei-grimhound	rl/results/floor_drafts_2026-10-02/draft-D_amended	19c778352104c8900d65411c9b38423a4252a042	decks/brews/drafts_2026-10-01/draft-D-entei-grimhound.txt	1d32ead74f0f3fe0f08c038a345d97fa10678065	763278659ea9a1ac7983c9cd2da2ff5f1f2c1e96468818cb84b29c106bb4b1e0	8e5395e63a14636827260bcb6e8631f02734aec690d9cf334fce606ed20dce0a,763278659ea9a1ac7983c9cd2da2ff5f1f2c1e96468818cb84b29c106bb4b1e0	equal,caveat:B3 025
