game_seed,deck_in_seat_0,winner_seat,final_turn,points_seat0,points_seat1
72000000,altaria,0,10,3,0
72000000,blaziken,1,14,1,5
72000001,altaria,0,6,2,0
72000001,blaziken,0,8,3,0
72000002,altaria,0,10,5,1
72000002,blaziken,1,11,2,3
72000003,altaria,0,2,1,0
72000003,blaziken,0,10,4,1
72000004,altaria,1,9,0,3
72000004,blaziken,1,12,2,5
72000005,altaria,0,12,3,1
72000005,blaziken,0,12,3,1
72000006,altaria,1,9,0,3
72000006,blaziken,1,9,1,4
72000007,altaria,1,11,0,3
72000007,blaziken,0,8,4,0
72000008,altaria,1,11,2,3
72000008,blaziken,1,9,0,2
72000009,altaria,1,11,0,3
72000009,blaziken,0,10,3,1
72000010,altaria,0,8,3,2
72000010,blaziken,1,6,0,3
72000011,altaria,0,9,3,2
72000011,blaziken,1,6,1,3
72000012,altaria,1,10,0,3
72000012,blaziken,0,11,3,0
72000013,altaria,0,8,3,0
72000013,blaziken,0,11,3,0
72000014,altaria,0,16,5,2
72000014,blaziken,0,10,3,1
72000015,altaria,1,8,0,3
72000015,blaziken,0,12,5,0
72000016,altaria,0,8,3,1
72000016,blaziken,0,10,5,1
72000017,altaria,1,8,0,4
72000017,blaziken,0,12,3,1
72000018,altaria,1,17,1,3
72000018,blaziken,1,10,1,3
72000019,altaria,1,12,2,4
72000019,blaziken,1,8,1,4
72000020,altaria,1,12,1,3
72000020,blaziken,1,10,0,3
72000021,altaria,1,10,1,4
72000021,blaziken,1,8,0,2
72000022,altaria,0,6,2,0
72000022,blaziken,0,8,3,1
72000023,altaria,1,10,2,4
72000023,blaziken,0,7,3,0
72000024,altaria,0,6,3,1
72000024,blaziken,1,9,1,3
72000025,altaria,1,10,0,3
72000025,blaziken,1,14,2,5
72000026,altaria,1,8,1,4
72000026,blaziken,1,9,1,2
72000027,altaria,1,13,2,3
72000027,blaziken,1,11,1,3
72000028,altaria,0,8,3,0
72000028,blaziken,0,8,3,1
72000029,altaria,0,8,4,0
72000029,blaziken,1,7,1,3
72000030,altaria,0,7,3,1
72000030,blaziken,0,10,5,0
72000031,altaria,0,10,3,1
72000031,blaziken,0,14,3,2
72000032,altaria,0,6,3,0
72000032,blaziken,0,14,4,2
72000033,altaria,0,12,5,1
72000033,blaziken,1,3,0,1
72000034,altaria,0,12,5,1
72000034,blaziken,1,6,0,3
72000035,altaria,1,5,0,2
72000035,blaziken,0,14,5,2
72000036,altaria,0,13,3,2
72000036,blaziken,1,12,2,3
72000037,altaria,1,11,0,4
72000037,blaziken,1,6,0,3
72000038,altaria,0,11,4,2
72000038,blaziken,0,9,3,0
72000039,altaria,1,8,0,3
72000039,blaziken,1,7,1,3
72000040,altaria,0,6,3,0
72000040,blaziken,1,9,0,3
72000041,altaria,1,9,1,3
72000041,blaziken,1,17,2,4
72000042,altaria,0,8,3,0
72000042,blaziken,0,13,3,2
72000043,altaria,1,11,1,5
72000043,blaziken,0,11,3,0
72000044,altaria,0,9,3,2
72000044,blaziken,1,8,1,3
72000045,altaria,0,12,3,1
72000045,blaziken,1,13,0,3
72000046,altaria,0,14,5,1
72000046,blaziken,0,10,3,1
72000047,altaria,0,10,3,0
72000047,blaziken,0,10,3,2
72000048,altaria,1,8,1,3
72000048,blaziken,1,10,2,2
72000049,altaria,0,13,3,1
72000049,blaziken,0,8,3,1
72000050,altaria,1,8,1,3
72000050,blaziken,0,7,2,1
72000051,altaria,0,6,3,0
72000051,blaziken,0,8,3,1
72000052,altaria,0,3,1,0
72000052,blaziken,0,9,3,1
72000053,altaria,0,7,2,1
72000053,blaziken,1,9,1,3
72000054,altaria,0,11,3,0
72000054,blaziken,0,11,5,1
72000055,altaria,0,10,4,1
72000055,blaziken,0,13,3,2
72000056,altaria,0,9,4,1
72000056,blaziken,0,10,3,0
72000057,altaria,0,6,2,0
72000057,blaziken,0,8,4,0
72000058,altaria,1,10,2,3
72000058,blaziken,1,10,2,4
72000059,altaria,0,11,3,1
72000059,blaziken,1,4,0,1
72000060,altaria,0,14,3,1
72000060,blaziken,0,7,3,1
72000061,altaria,1,14,0,3
72000061,blaziken,1,9,1,3
72000062,altaria,0,8,3,1
72000062,blaziken,1,7,0,2
72000063,altaria,0,8,2,0
72000063,blaziken,0,8,3,1
72000064,altaria,0,12,3,0
72000064,blaziken,0,12,3,1
72000065,altaria,1,9,1,3
72000065,blaziken,1,10,1,3
72000066,altaria,0,12,4,2
72000066,blaziken,0,11,3,1
72000067,altaria,0,6,3,0
72000067,blaziken,0,9,3,1
72000068,altaria,1,12,1,5
72000068,blaziken,0,11,4,0
72000069,altaria,0,12,5,0
72000069,blaziken,1,10,1,3
72000070,altaria,0,12,5,1
72000070,blaziken,1,12,1,5
72000071,altaria,0,12,3,1
72000071,blaziken,1,11,2,3
72000072,altaria,0,15,5,2
72000072,blaziken,1,10,0,3
72000073,altaria,1,8,0,3
72000073,blaziken,0,7,3,2
72000074,altaria,1,8,0,3
72000074,blaziken,1,8,0,3
72000075,altaria,1,9,0,3
72000075,blaziken,0,8,4,1
72000076,altaria,1,7,0,4
72000076,blaziken,1,9,1,3
72000077,altaria,0,12,4,2
72000077,blaziken,1,7,0,3
72000078,altaria,0,10,3,0
72000078,blaziken,1,3,0,1
72000079,altaria,1,10,2,3
72000079,blaziken,0,7,3,0
72000080,altaria,0,10,5,0
72000080,blaziken,0,11,5,1
72000081,altaria,0,10,5,1
72000081,blaziken,1,3,0,1
72000082,altaria,1,9,2,3
72000082,blaziken,1,8,1,3
72000083,altaria,1,10,1,4
72000083,blaziken,1,12,1,4
72000084,altaria,0,11,4,2
72000084,blaziken,0,12,4,2
72000085,altaria,0,7,3,1
72000085,blaziken,1,12,0,5
72000086,altaria,1,12,2,4
72000086,blaziken,0,9,4,1
72000087,altaria,1,11,2,3
72000087,blaziken,1,9,1,3
72000088,altaria,1,10,1,3
72000088,blaziken,1,8,1,2
72000089,altaria,1,9,1,3
72000089,blaziken,1,11,1,3
72000090,altaria,0,12,4,2
72000090,blaziken,1,8,0,3
72000091,altaria,1,9,0,3
72000091,blaziken,1,9,1,2
72000092,altaria,0,8,4,0
72000092,blaziken,0,10,3,1
72000093,altaria,0,10,4,1
72000093,blaziken,0,11,5,0
72000094,altaria,0,6,2,0
72000094,blaziken,1,11,2,3
72000095,altaria,1,12,2,3
72000095,blaziken,1,8,0,3
72000096,altaria,0,6,3,0
72000096,blaziken,0,10,4,1
72000097,altaria,0,6,2,0
72000097,blaziken,1,11,1,4
72000098,altaria,1,9,1,4
72000098,blaziken,1,11,1,4
72000099,altaria,0,7,3,1
72000099,blaziken,1,14,2,3
72000100,altaria,0,12,3,2
72000100,blaziken,1,9,1,4
72000101,altaria,0,9,3,1
72000101,blaziken,0,11,3,0
72000102,altaria,1,13,2,5
72000102,blaziken,0,14,5,0
72000103,altaria,1,6,1,3
72000103,blaziken,1,3,0,1
72000104,altaria,0,14,3,2
72000104,blaziken,1,7,1,2
72000105,altaria,0,8,3,1
72000105,blaziken,0,16,5,2
72000106,altaria,1,13,0,5
72000106,blaziken,1,3,0,1
72000107,altaria,0,7,3,1
72000107,blaziken,1,10,1,3
72000108,altaria,0,9,3,2
72000108,blaziken,1,8,0,4
72000109,altaria,1,9,1,3
72000109,blaziken,1,3,1,1
72000110,altaria,1,8,2,3
72000110,blaziken,1,8,1,3
72000111,altaria,0,13,3,2
72000111,blaziken,0,9,3,1
72000112,altaria,1,11,0,3
72000112,blaziken,1,12,0,3
72000113,altaria,0,13,4,1
72000113,blaziken,0,9,5,0
72000114,altaria,1,8,2,3
72000114,blaziken,1,6,0,3
72000115,altaria,1,9,1,3
72000115,blaziken,0,8,4,2
72000116,altaria,1,9,1,3
72000116,blaziken,1,9,1,3
72000117,altaria,0,12,4,1
72000117,blaziken,1,9,1,4
72000118,altaria,0,7,2,0
72000118,blaziken,1,14,2,5
72000119,altaria,0,9,3,1
72000119,blaziken,1,7,0,2
72000120,altaria,1,16,2,3
72000120,blaziken,1,8,0,3
72000121,altaria,0,11,3,1
72000121,blaziken,1,12,1,3
72000122,altaria,1,14,2,4
72000122,blaziken,1,16,2,5
72000123,altaria,0,13,4,2
72000123,blaziken,1,8,2,3
72000124,altaria,1,8,1,3
72000124,blaziken,1,6,0,3
72000125,altaria,0,10,3,0
72000125,blaziken,1,9,0,3
72000126,altaria,0,11,3,2
72000126,blaziken,0,13,3,0
72000127,altaria,0,13,3,1
72000127,blaziken,1,10,2,3
72000128,altaria,0,7,3,1
72000128,blaziken,1,10,0,5
72000129,altaria,0,13,5,1
72000129,blaziken,0,9,5,2
72000130,altaria,0,12,4,2
72000130,blaziken,0,10,4,1
72000131,altaria,1,15,0,3
72000131,blaziken,1,7,0,3
72000132,altaria,0,12,3,1
72000132,blaziken,0,10,5,1
72000133,altaria,1,12,1,3
72000133,blaziken,0,10,4,2
72000134,altaria,1,9,1,3
72000134,blaziken,1,11,2,4
72000135,altaria,1,12,2,3
72000135,blaziken,0,11,3,0
72000136,altaria,1,11,1,3
72000136,blaziken,1,7,1,3
72000137,altaria,0,10,3,2
72000137,blaziken,1,13,1,3
72000138,altaria,0,3,1,0
72000138,blaziken,0,9,4,1
72000139,altaria,0,4,2,0
72000139,blaziken,1,11,0,3
72000140,altaria,1,12,1,3
72000140,blaziken,1,10,1,3
72000141,altaria,0,13,4,2
72000141,blaziken,1,10,1,3
72000142,altaria,0,14,5,2
72000142,blaziken,1,9,2,3
72000143,altaria,0,12,5,2
72000143,blaziken,0,12,4,1
72000144,altaria,0,12,4,2
72000144,blaziken,0,13,4,2
72000145,altaria,0,9,3,2
72000145,blaziken,0,3,1,0
72000146,altaria,1,10,1,3
72000146,blaziken,1,8,1,3
72000147,altaria,0,8,3,1
72000147,blaziken,1,7,1,3
72000148,altaria,0,9,3,2
72000148,blaziken,1,8,1,3
72000149,altaria,0,6,2,0
72000149,blaziken,0,10,3,0
72000150,altaria,0,10,3,2
72000150,blaziken,1,10,2,4
72000151,altaria,0,10,4,0
72000151,blaziken,1,11,2,3
72000152,altaria,1,10,1,3
72000152,blaziken,1,6,0,3
72000153,altaria,1,8,0,3
72000153,blaziken,1,10,0,5
72000154,altaria,0,8,3,1
72000154,blaziken,0,12,3,2
72000155,altaria,0,6,2,1
72000155,blaziken,0,14,3,0
72000156,altaria,1,11,2,4
72000156,blaziken,1,3,0,1
72000157,altaria,0,8,3,0
72000157,blaziken,0,10,5,1
72000158,altaria,1,13,1,3
72000158,blaziken,1,12,0,3
72000159,altaria,0,8,4,1
72000159,blaziken,1,8,0,4
72000160,altaria,0,12,4,2
72000160,blaziken,1,10,1,3
72000161,altaria,1,15,2,4
72000161,blaziken,1,11,2,4
72000162,altaria,0,12,3,2
72000162,blaziken,1,7,1,2
72000163,altaria,0,4,1,0
72000163,blaziken,0,10,3,1
72000164,altaria,1,7,1,3
72000164,blaziken,1,11,2,4
72000165,altaria,0,10,3,1
72000165,blaziken,0,16,3,1
72000166,altaria,1,14,2,5
72000166,blaziken,1,7,1,2
72000167,altaria,0,17,5,1
72000167,blaziken,0,11,4,2
72000168,altaria,1,8,1,3
72000168,blaziken,0,11,3,1
72000169,altaria,0,10,3,1
72000169,blaziken,1,12,2,3
72000170,altaria,0,9,3,1
72000170,blaziken,0,9,5,2
72000171,altaria,0,10,4,1
72000171,blaziken,1,11,2,3
72000172,altaria,1,15,2,5
72000172,blaziken,1,9,2,4
72000173,altaria,1,8,1,3
72000173,blaziken,1,8,1,3
72000174,altaria,0,13,3,1
72000174,blaziken,1,7,0,2
72000175,altaria,1,8,1,4
72000175,blaziken,0,11,5,2
72000176,altaria,1,12,1,3
72000176,blaziken,0,14,3,2
72000177,altaria,1,13,1,3
72000177,blaziken,0,10,3,1
72000178,altaria,0,7,3,1
72000178,blaziken,1,8,1,4
72000179,altaria,0,8,3,0
72000179,blaziken,1,8,1,3
72000180,altaria,1,10,2,5
72000180,blaziken,1,8,0,3
72000181,altaria,1,9,2,3
72000181,blaziken,0,13,3,2
72000182,altaria,0,13,5,1
72000182,blaziken,0,7,3,0
72000183,altaria,1,10,2,4
72000183,blaziken,1,6,0,3
72000184,altaria,0,9,3,1
72000184,blaziken,0,11,3,1
72000185,altaria,0,7,2,1
72000185,blaziken,0,9,4,2
72000186,altaria,1,9,1,3
72000186,blaziken,1,9,1,3
72000187,altaria,0,12,4,2
72000187,blaziken,1,9,2,4
72000188,altaria,1,10,2,3
72000188,blaziken,0,9,3,1
72000189,altaria,1,10,1,5
72000189,blaziken,0,11,3,2
72000190,altaria,0,13,4,1
72000190,blaziken,1,12,1,3
72000191,altaria,1,13,1,3
72000191,blaziken,0,8,3,1
72000192,altaria,0,6,2,1
72000192,blaziken,0,8,3,0
72000193,altaria,1,9,0,4
72000193,blaziken,1,11,2,3
72000194,altaria,0,15,5,2
72000194,blaziken,0,11,4,1
72000195,altaria,1,9,2,4
72000195,blaziken,0,8,3,0
72000196,altaria,0,12,5,2
72000196,blaziken,0,10,4,0
72000197,altaria,0,10,3,2
72000197,blaziken,0,6,3,0
72000198,altaria,1,9,2,3
72000198,blaziken,0,8,4,1
72000199,altaria,0,10,3,1
72000199,blaziken,0,10,4,2
72000200,altaria,0,10,3,2
72000200,blaziken,0,10,3,0
72000201,altaria,0,9,5,0
72000201,blaziken,1,7,0,2
72000202,altaria,1,10,2,4
72000202,blaziken,1,11,2,5
72000203,altaria,1,9,1,4
72000203,blaziken,0,14,3,1
72000204,altaria,0,11,5,1
72000204,blaziken,1,9,2,3
72000205,altaria,1,13,2,3
72000205,blaziken,1,12,2,3
72000206,altaria,1,11,2,3
72000206,blaziken,0,14,3,2
72000207,altaria,0,13,3,2
72000207,blaziken,1,4,0,1
72000208,altaria,0,16,4,2
72000208,blaziken,0,10,4,2
72000209,altaria,0,3,2,0
72000209,blaziken,1,12,1,5
72000210,altaria,0,13,3,2
72000210,blaziken,1,8,0,2
72000211,altaria,1,11,2,4
72000211,blaziken,0,8,3,2
72000212,altaria,0,12,5,2
72000212,blaziken,1,11,2,4
72000213,altaria,1,11,2,3
72000213,blaziken,1,8,1,3
72000214,altaria,0,13,4,2
72000214,blaziken,0,11,3,1
72000215,altaria,1,9,1,3
72000215,blaziken,1,5,0,2
72000216,altaria,0,11,3,1
72000216,blaziken,1,9,1,4
72000217,altaria,0,13,3,0
72000217,blaziken,1,10,0,4
72000218,altaria,1,12,0,3
72000218,blaziken,1,10,0,4
72000219,altaria,0,3,1,0
72000219,blaziken,0,12,5,2
72000220,altaria,0,12,4,1
72000220,blaziken,1,10,1,5
72000221,altaria,1,11,1,5
72000221,blaziken,1,13,2,5
72000222,altaria,0,13,4,2
72000222,blaziken,1,11,1,3
72000223,altaria,0,9,2,1
72000223,blaziken,1,6,0,4
72000224,altaria,0,12,3,2
72000224,blaziken,0,12,3,1
72000225,altaria,0,5,1,1
72000225,blaziken,1,7,1,3
72000226,altaria,0,10,3,2
72000226,blaziken,0,14,5,1
72000227,altaria,0,10,4,1
72000227,blaziken,0,12,3,1
72000228,altaria,1,9,0,3
72000228,blaziken,1,10,1,3
72000229,altaria,0,13,4,2
72000229,blaziken,1,8,1,3
72000230,altaria,1,13,0,5
72000230,blaziken,0,8,3,0
72000231,altaria,0,9,4,1
72000231,blaziken,0,9,3,0
72000232,altaria,1,13,2,3
72000232,blaziken,1,11,1,3
72000233,altaria,1,10,1,3
72000233,blaziken,0,13,3,2
72000234,altaria,0,8,3,1
72000234,blaziken,1,3,0,1
72000235,altaria,1,12,0,3
72000235,blaziken,1,16,2,4
72000236,altaria,1,10,1,3
72000236,blaziken,1,10,1,3
72000237,altaria,0,11,5,1
72000237,blaziken,0,9,3,1
72000238,altaria,1,10,0,3
72000238,blaziken,1,6,0,3
72000239,altaria,1,11,1,3
72000239,blaziken,1,9,1,4
72000240,altaria,0,7,4,0
72000240,blaziken,1,10,2,3
72000241,altaria,0,11,4,2
72000241,blaziken,1,7,1,3
72000242,altaria,0,7,3,1
72000242,blaziken,1,14,2,5
72000243,altaria,0,5,2,0
72000243,blaziken,1,10,1,3
72000244,altaria,1,9,0,5
72000244,blaziken,1,13,1,5
72000245,altaria,0,11,3,0
72000245,blaziken,1,2,0,1
72000246,altaria,0,8,3,1
72000246,blaziken,1,8,2,3
72000247,altaria,0,12,4,1
72000247,blaziken,1,12,2,3
72000248,altaria,0,14,3,2
72000248,blaziken,1,3,0,1
72000249,altaria,1,8,1,3
72000249,blaziken,1,12,2,4
72000250,altaria,1,9,1,3
72000250,blaziken,1,7,0,3
72000251,altaria,0,14,5,2
72000251,blaziken,1,9,0,4
72000252,altaria,1,12,2,5
72000252,blaziken,0,9,3,0
72000253,altaria,0,10,3,2
72000253,blaziken,1,13,2,5
72000254,altaria,1,8,1,4
72000254,blaziken,0,9,4,0
72000255,altaria,1,12,1,4
72000255,blaziken,0,11,5,2
72000256,altaria,1,3,0,1
72000256,blaziken,0,8,3,0
72000257,altaria,0,9,2,0
72000257,blaziken,0,18,5,1
72000258,altaria,1,9,0,3
72000258,blaziken,0,6,2,0
72000259,altaria,0,10,4,2
72000259,blaziken,0,10,4,2
72000260,altaria,0,10,3,1
72000260,blaziken,0,12,5,0
72000261,altaria,0,10,3,2
72000261,blaziken,0,8,3,0
72000262,altaria,1,9,1,3
72000262,blaziken,1,5,0,2
72000263,altaria,0,10,4,0
72000263,blaziken,0,8,3,0
72000264,altaria,1,11,2,3
72000264,blaziken,1,11,2,4
72000265,altaria,1,11,1,4
72000265,blaziken,1,11,2,4
72000266,altaria,1,10,1,3
72000266,blaziken,0,11,3,2
72000267,altaria,0,11,2,0
72000267,blaziken,0,9,3,2
72000268,altaria,0,9,4,2
72000268,blaziken,1,4,0,1
72000269,altaria,1,9,1,3
72000269,blaziken,0,12,3,1
72000270,altaria,1,7,1,3
72000270,blaziken,1,3,0,1
72000271,altaria,0,13,4,2
72000271,blaziken,1,10,1,3
72000272,altaria,1,9,2,3
72000272,blaziken,0,10,3,2
72000273,altaria,0,8,5,0
72000273,blaziken,1,10,1,4
72000274,altaria,0,7,2,1
72000274,blaziken,1,12,2,5
72000275,altaria,1,11,1,5
72000275,blaziken,0,11,3,1
72000276,altaria,0,11,3,0
72000276,blaziken,0,11,3,2
72000277,altaria,0,8,3,1
72000277,blaziken,1,7,1,3
72000278,altaria,0,8,3,0
72000278,blaziken,0,10,5,1
72000279,altaria,0,9,4,2
72000279,blaziken,0,11,3,1
72000280,altaria,0,3,1,0
72000280,blaziken,0,15,3,2
72000281,altaria,1,10,0,5
72000281,blaziken,0,11,4,1
72000282,altaria,0,13,5,1
72000282,blaziken,1,14,1,4
72000283,altaria,0,16,5,2
72000283,blaziken,0,16,3,2
72000284,altaria,1,10,2,3
72000284,blaziken,1,12,2,3
72000285,altaria,0,11,4,2
72000285,blaziken,1,8,0,4
72000286,altaria,1,9,1,3
72000286,blaziken,0,12,3,2
72000287,altaria,0,7,3,0
72000287,blaziken,1,11,2,4
72000288,altaria,0,8,3,1
72000288,blaziken,0,10,3,1
72000289,altaria,1,11,1,3
72000289,blaziken,0,8,4,1
72000290,altaria,1,8,1,3
72000290,blaziken,1,10,0,3
72000291,altaria,1,12,1,3
72000291,blaziken,0,8,3,0
72000292,altaria,0,13,4,1
72000292,blaziken,1,10,0,3
72000293,altaria,0,6,2,1
72000293,blaziken,0,10,5,1
72000294,altaria,0,8,3,1
72000294,blaziken,0,2,1,0
72000295,altaria,0,12,5,1
72000295,blaziken,1,11,1,3
72000296,altaria,0,11,4,2
72000296,blaziken,1,8,0,2
72000297,altaria,1,9,1,4
72000297,blaziken,0,8,3,1
72000298,altaria,1,8,1,4
72000298,blaziken,1,7,1,2
72000299,altaria,0,13,3,2
72000299,blaziken,1,16,2,4
72000300,altaria,1,13,0,3
72000300,blaziken,0,9,3,0
72000301,altaria,0,9,3,0
72000301,blaziken,1,9,2,3
72000302,altaria,0,12,5,1
72000302,blaziken,1,11,1,3
72000303,altaria,0,10,3,1
72000303,blaziken,1,15,2,3
72000304,altaria,0,8,3,1
72000304,blaziken,1,10,1,3
72000305,altaria,1,11,2,3
72000305,blaziken,0,6,3,1
72000306,altaria,0,13,5,2
72000306,blaziken,1,9,1,2
72000307,altaria,1,14,1,4
72000307,blaziken,0,9,3,0
72000308,altaria,1,7,1,3
72000308,blaziken,1,12,2,3
72000309,altaria,1,9,2,3
72000309,blaziken,1,11,2,3
72000310,altaria,1,10,1,3
72000310,blaziken,0,9,3,1
72000311,altaria,0,13,3,1
72000311,blaziken,1,5,0,3
72000312,altaria,0,10,4,2
72000312,blaziken,1,6,0,2
72000313,altaria,1,9,0,3
72000313,blaziken,0,11,3,2
72000314,altaria,0,15,5,2
72000314,blaziken,1,8,0,2
72000315,altaria,1,13,2,4
72000315,blaziken,0,14,3,0
72000316,altaria,0,11,3,1
72000316,blaziken,1,12,2,4
72000317,altaria,1,13,2,4
72000317,blaziken,0,10,3,2
72000318,altaria,1,9,0,3
72000318,blaziken,1,7,1,3
72000319,altaria,0,13,5,2
72000319,blaziken,1,12,1,4
72000320,altaria,1,8,2,4
72000320,blaziken,1,12,2,3
72000321,altaria,1,10,1,3
72000321,blaziken,1,14,2,5
72000322,altaria,0,8,4,1
72000322,blaziken,1,9,2,3
72000323,altaria,0,8,3,0
72000323,blaziken,1,13,2,4
72000324,altaria,1,13,1,3
72000324,blaziken,1,13,2,5
72000325,altaria,0,10,2,1
72000325,blaziken,1,9,1,3
72000326,altaria,0,6,3,0
72000326,blaziken,0,10,3,1
72000327,altaria,0,8,3,1
72000327,blaziken,1,13,1,5
72000328,altaria,1,10,2,3
72000328,blaziken,0,15,5,2
72000329,altaria,0,10,3,2
72000329,blaziken,1,9,0,3
72000330,altaria,0,9,3,1
72000330,blaziken,0,8,3,1
72000331,altaria,1,12,1,5
72000331,blaziken,0,10,3,1
72000332,altaria,1,9,1,5
72000332,blaziken,0,10,3,1
72000333,altaria,1,11,0,3
72000333,blaziken,1,6,0,2
72000334,altaria,1,11,2,5
72000334,blaziken,1,11,1,3
72000335,altaria,0,15,4,2
72000335,blaziken,0,9,3,0
72000336,altaria,1,11,0,3
72000336,blaziken,1,7,1,3
72000337,altaria,1,9,0,3
72000337,blaziken,1,11,2,5
72000338,altaria,0,6,3,0
72000338,blaziken,0,14,5,2
72000339,altaria,0,13,3,0
72000339,blaziken,1,11,2,3
72000340,altaria,0,14,5,2
72000340,blaziken,1,13,2,5
72000341,altaria,1,9,1,4
72000341,blaziken,1,11,2,2
72000342,altaria,1,10,1,3
72000342,blaziken,1,12,0,5
72000343,altaria,1,2,0,1
72000343,blaziken,1,4,0,2
72000344,altaria,0,9,4,2
72000344,blaziken,0,9,3,1
72000345,altaria,1,8,0,3
72000345,blaziken,0,8,3,2
72000346,altaria,0,10,4,1
72000346,blaziken,0,12,3,1
72000347,altaria,1,13,1,3
72000347,blaziken,1,5,0,1
72000348,altaria,0,10,3,0
72000348,blaziken,0,10,4,2
72000349,altaria,0,13,5,2
72000349,blaziken,0,13,3,2
72000350,altaria,0,9,3,1
72000350,blaziken,1,13,1,5
72000351,altaria,0,6,2,0
72000351,blaziken,0,12,3,2
72000352,altaria,0,7,3,0
72000352,blaziken,1,7,1,3
72000353,altaria,1,9,1,3
72000353,blaziken,1,11,1,5
72000354,altaria,1,16,2,5
72000354,blaziken,0,9,3,2
72000355,altaria,1,3,0,1
72000355,blaziken,0,12,5,1
72000356,altaria,1,13,1,3
72000356,blaziken,1,6,1,1
72000357,altaria,0,9,3,1
72000357,blaziken,0,9,4,2
72000358,altaria,1,8,0,4
72000358,blaziken,0,8,3,1
72000359,altaria,0,8,3,1
72000359,blaziken,0,9,3,1
72000360,altaria,0,9,3,0
72000360,blaziken,1,6,0,3
72000361,altaria,0,7,3,1
72000361,blaziken,1,10,0,3
72000362,altaria,1,9,2,3
72000362,blaziken,0,10,3,1
72000363,altaria,1,13,1,5
72000363,blaziken,1,9,2,3
72000364,altaria,0,3,1,0
72000364,blaziken,0,9,4,2
72000365,altaria,1,10,2,3
72000365,blaziken,1,14,2,3
72000366,altaria,0,7,4,1
72000366,blaziken,0,7,3,2
72000367,altaria,0,10,3,1
72000367,blaziken,0,8,3,1
72000368,altaria,0,12,5,0
72000368,blaziken,1,10,1,3
72000369,altaria,1,14,1,3
72000369,blaziken,1,12,1,2
72000370,altaria,0,11,4,2
72000370,blaziken,0,13,3,1
72000371,altaria,1,11,2,3
72000371,blaziken,0,10,3,1
72000372,altaria,0,10,3,1
72000372,blaziken,1,5,0,2
72000373,altaria,0,12,3,2
72000373,blaziken,1,12,1,3
72000374,altaria,1,12,1,3
72000374,blaziken,1,10,0,3
72000375,altaria,1,9,0,3
72000375,blaziken,0,7,3,2
72000376,altaria,1,12,2,3
72000376,blaziken,1,10,2,3
72000377,altaria,0,11,4,2
72000377,blaziken,0,8,3,2
72000378,altaria,0,9,3,1
72000378,blaziken,0,14,4,2
72000379,altaria,0,4,2,0
72000379,blaziken,1,5,0,2
72000380,altaria,1,9,0,3
72000380,blaziken,1,3,0,1
72000381,altaria,0,12,5,1
72000381,blaziken,0,12,5,1
72000382,altaria,1,10,1,4
72000382,blaziken,1,12,1,5
72000383,altaria,0,10,4,1
72000383,blaziken,1,9,1,3
72000384,altaria,1,7,0,3
72000384,blaziken,1,8,1,3
72000385,altaria,0,9,3,2
72000385,blaziken,0,8,4,0
72000386,altaria,0,9,3,1
72000386,blaziken,1,8,0,4
72000387,altaria,0,11,3,2
72000387,blaziken,1,10,1,5
72000388,altaria,1,8,2,3
72000388,blaziken,1,11,1,3
72000389,altaria,1,11,0,3
72000389,blaziken,1,15,1,5
72000390,altaria,0,16,5,2
72000390,blaziken,1,3,0,1
72000391,altaria,1,9,1,3
72000391,blaziken,0,8,3,0
72000392,altaria,0,9,2,0
72000392,blaziken,1,10,1,4
72000393,altaria,1,12,0,3
72000393,blaziken,0,9,3,1
72000394,altaria,0,12,3,2
72000394,blaziken,1,9,2,3
72000395,altaria,0,5,2,0
72000395,blaziken,0,10,3,1
72000396,altaria,0,11,5,2
72000396,blaziken,1,8,0,2
72000397,altaria,0,11,4,1
72000397,blaziken,1,12,0,3
72000398,altaria,1,10,1,5
72000398,blaziken,0,11,3,1
72000399,altaria,1,11,0,3
72000399,blaziken,1,9,0,3
72000400,altaria,1,9,1,3
72000400,blaziken,1,11,1,3
72000401,altaria,0,5,1,1
72000401,blaziken,1,10,2,2
72000402,altaria,0,4,1,0
72000402,blaziken,0,9,3,1
72000403,altaria,0,5,2,1
72000403,blaziken,1,10,0,4
72000404,altaria,1,9,1,3
72000404,blaziken,0,11,5,1
72000405,altaria,1,7,1,3
72000405,blaziken,0,10,3,1
72000406,altaria,0,14,4,2
72000406,blaziken,1,11,0,3
72000407,altaria,0,13,3,2
72000407,blaziken,1,9,2,4
72000408,altaria,0,2,1,0
72000408,blaziken,0,11,3,2
72000409,altaria,0,12,3,2
72000409,blaziken,0,7,3,0
72000410,altaria,0,11,5,2
72000410,blaziken,1,7,0,3
72000411,altaria,1,13,2,4
72000411,blaziken,1,8,1,2
72000412,altaria,0,6,3,0
72000412,blaziken,1,7,1,3
72000413,altaria,0,9,3,2
72000413,blaziken,0,9,3,1
72000414,altaria,0,11,3,1
72000414,blaziken,tie,13,4,4
72000415,altaria,1,14,0,3
72000415,blaziken,1,7,0,3
72000416,altaria,1,11,0,3
72000416,blaziken,1,7,1,2
72000417,altaria,1,9,2,3
72000417,blaziken,0,10,3,1
72000418,altaria,0,9,3,2
72000418,blaziken,1,10,2,4
72000419,altaria,1,12,2,5
72000419,blaziken,1,6,1,2
72000420,altaria,0,8,3,0
72000420,blaziken,1,5,0,3
72000421,altaria,1,9,1,4
72000421,blaziken,0,10,3,1
72000422,altaria,0,10,4,1
72000422,blaziken,1,5,1,2
72000423,altaria,0,10,4,2
72000423,blaziken,0,11,3,1
72000424,altaria,0,12,4,1
72000424,blaziken,1,15,2,5
72000425,altaria,1,10,1,3
72000425,blaziken,0,9,4,1
72000426,altaria,1,14,2,3
72000426,blaziken,1,8,0,3
72000427,altaria,1,8,0,3
72000427,blaziken,1,8,0,4
72000428,altaria,1,8,0,3
72000428,blaziken,1,9,1,4
72000429,altaria,0,9,3,0
72000429,blaziken,0,7,3,1
72000430,altaria,0,9,3,2
72000430,blaziken,1,10,1,3
72000431,altaria,0,6,3,0
72000431,blaziken,0,14,3,2
72000432,altaria,0,7,3,1
72000432,blaziken,1,12,1,3
72000433,altaria,0,9,3,1
72000433,blaziken,1,14,2,3
72000434,altaria,0,10,4,0
72000434,blaziken,0,12,5,2
72000435,altaria,0,13,4,2
72000435,blaziken,1,10,0,4
72000436,altaria,0,10,3,1
72000436,blaziken,0,4,1,0
72000437,altaria,0,6,3,0
72000437,blaziken,1,9,1,3
72000438,altaria,1,12,1,4
72000438,blaziken,1,2,0,1
72000439,altaria,1,11,2,5
72000439,blaziken,1,7,1,3
72000440,altaria,0,8,3,1
72000440,blaziken,1,5,0,3
72000441,altaria,0,11,4,1
72000441,blaziken,1,6,1,3
72000442,altaria,0,9,3,2
72000442,blaziken,1,12,2,3
72000443,altaria,0,6,2,1
72000443,blaziken,0,12,3,2
72000444,altaria,1,9,2,3
72000444,blaziken,1,7,1,3
72000445,altaria,0,5,2,0
72000445,blaziken,1,10,1,3
72000446,altaria,1,9,1,3
72000446,blaziken,1,11,2,3
72000447,altaria,1,14,2,5
72000447,blaziken,1,12,1,3
72000448,altaria,0,3,1,1
72000448,blaziken,1,8,1,3
72000449,altaria,1,9,1,3
72000449,blaziken,1,9,2,3
72000450,altaria,1,11,2,5
72000450,blaziken,1,7,0,3
72000451,altaria,0,4,2,0
72000451,blaziken,0,10,3,1
72000452,altaria,1,15,2,3
72000452,blaziken,1,13,2,5
72000453,altaria,0,10,3,0
72000453,blaziken,0,7,3,0
72000454,altaria,0,6,3,0
72000454,blaziken,1,8,1,3
72000455,altaria,1,9,1,3
72000455,blaziken,0,10,5,0
72000456,altaria,0,4,1,0
72000456,blaziken,1,13,1,3
72000457,altaria,1,9,1,3
72000457,blaziken,0,8,3,0
72000458,altaria,0,10,3,1
72000458,blaziken,1,7,1,3
72000459,altaria,1,10,1,3
72000459,blaziken,1,14,2,3
72000460,altaria,1,17,1,3
72000460,blaziken,1,12,1,5
72000461,altaria,1,8,1,4
72000461,blaziken,1,10,1,4
72000462,altaria,0,10,4,1
72000462,blaziken,0,10,3,2
72000463,altaria,0,8,3,1
72000463,blaziken,0,10,3,1
72000464,altaria,0,8,3,0
72000464,blaziken,0,8,3,1
72000465,altaria,0,10,4,0
72000465,blaziken,1,5,1,2
72000466,altaria,1,8,0,4
72000466,blaziken,1,14,1,5
72000467,altaria,0,13,5,2
72000467,blaziken,0,12,4,2
72000468,altaria,1,9,1,3
72000468,blaziken,1,8,1,4
72000469,altaria,0,9,3,1
72000469,blaziken,0,13,3,1
72000470,altaria,0,12,3,1
72000470,blaziken,0,12,3,2
72000471,altaria,0,15,5,2
72000471,blaziken,1,8,0,3
72000472,altaria,0,10,4,1
72000472,blaziken,0,10,3,1
72000473,altaria,0,8,3,0
72000473,blaziken,1,10,0,3
72000474,altaria,1,11,2,4
72000474,blaziken,1,3,0,1
72000475,altaria,0,14,3,1
72000475,blaziken,0,12,5,0
72000476,altaria,1,9,1,3
72000476,blaziken,0,12,5,2
72000477,altaria,0,10,5,1
72000477,blaziken,0,12,3,2
72000478,altaria,0,13,5,1
72000478,blaziken,0,11,3,0
72000479,altaria,1,13,1,3
72000479,blaziken,0,10,5,0
72000480,altaria,1,9,1,3
72000480,blaziken,0,8,3,1
72000481,altaria,0,15,5,1
72000481,blaziken,1,8,0,3
72000482,altaria,0,12,5,2
72000482,blaziken,1,11,2,2
72000483,altaria,0,8,3,0
72000483,blaziken,1,11,2,4
72000484,altaria,0,8,4,0
72000484,blaziken,1,14,2,5
72000485,altaria,1,13,2,3
72000485,blaziken,1,9,1,3
72000486,altaria,1,9,1,4
72000486,blaziken,1,11,2,3
72000487,altaria,0,7,2,1
72000487,blaziken,1,8,0,3
72000488,altaria,0,10,4,0
72000488,blaziken,1,11,2,5
72000489,altaria,1,10,1,3
72000489,blaziken,1,9,2,4
72000490,altaria,1,10,2,3
72000490,blaziken,1,10,0,5
72000491,altaria,1,9,1,3
72000491,blaziken,1,10,2,3
72000492,altaria,0,6,3,0
72000492,blaziken,0,8,4,2
72000493,altaria,0,8,3,1
72000493,blaziken,1,13,2,5
72000494,altaria,1,8,2,3
72000494,blaziken,1,11,1,3
72000495,altaria,0,10,3,1
72000495,blaziken,0,14,4,2
72000496,altaria,0,6,3,0
72000496,blaziken,0,11,5,0
72000497,altaria,0,10,4,1
72000497,blaziken,1,13,2,5
72000498,altaria,0,7,3,1
72000498,blaziken,1,7,1,2
72000499,altaria,0,9,4,1
72000499,blaziken,0,3,1,0
72000500,altaria,0,14,5,2
72000500,blaziken,0,12,3,1
72000501,altaria,0,11,3,1
72000501,blaziken,0,15,3,2
72000502,altaria,0,10,3,2
72000502,blaziken,1,11,1,5
72000503,altaria,1,11,1,4
72000503,blaziken,0,12,4,1
72000504,altaria,1,10,0,5
72000504,blaziken,1,10,0,5
72000505,altaria,0,12,4,1
72000505,blaziken,0,8,3,0
72000506,altaria,0,9,3,2
72000506,blaziken,1,10,2,4
72000507,altaria,1,9,1,4
72000507,blaziken,0,9,3,2
72000508,altaria,0,8,3,1
72000508,blaziken,1,11,1,4
72000509,altaria,0,12,4,2
72000509,blaziken,1,2,0,1
72000510,altaria,1,8,0,4
72000510,blaziken,0,12,3,2
72000511,altaria,1,11,2,3
72000511,blaziken,0,9,5,2
72000512,altaria,1,10,1,3
72000512,blaziken,0,15,3,2
72000513,altaria,0,7,2,0
72000513,blaziken,0,9,3,0
72000514,altaria,1,8,2,3
72000514,blaziken,0,7,3,0
72000515,altaria,1,11,1,3
72000515,blaziken,1,11,2,3
72000516,altaria,0,6,3,1
72000516,blaziken,1,7,0,3
72000517,altaria,0,12,3,2
72000517,blaziken,0,8,3,0
72000518,altaria,1,9,0,3
72000518,blaziken,1,11,1,3
72000519,altaria,0,7,3,0
72000519,blaziken,1,9,1,3
72000520,altaria,0,10,3,1
72000520,blaziken,1,9,1,3
72000521,altaria,0,9,3,1
72000521,blaziken,0,15,3,0
72000522,altaria,0,11,3,1
72000522,blaziken,1,12,1,4
72000523,altaria,0,11,4,2
72000523,blaziken,1,11,2,3
72000524,altaria,0,10,3,0
72000524,blaziken,1,15,1,4
72000525,altaria,0,13,3,1
72000525,blaziken,0,11,3,0
72000526,altaria,0,8,3,1
72000526,blaziken,1,8,1,3
72000527,altaria,0,8,3,1
72000527,blaziken,0,9,3,0
72000528,altaria,1,10,1,4
72000528,blaziken,0,7,3,1
72000529,altaria,0,9,3,2
72000529,blaziken,1,6,0,3
72000530,altaria,1,10,2,4
72000530,blaziken,1,11,2,3
72000531,altaria,0,9,3,0
72000531,blaziken,0,11,3,1
72000532,altaria,0,9,3,1
72000532,blaziken,1,10,1,3
72000533,altaria,0,10,3,1
72000533,blaziken,1,10,1,4
72000534,altaria,0,3,1,0
72000534,blaziken,1,10,1,3
72000535,altaria,0,3,1,0
72000535,blaziken,0,13,3,2
72000536,altaria,0,11,3,1
72000536,blaziken,0,11,3,1
72000537,altaria,1,10,2,4
72000537,blaziken,0,11,5,1
72000538,altaria,0,10,3,1
72000538,blaziken,0,4,2,0
72000539,altaria,0,5,2,0
72000539,blaziken,1,10,2,3
72000540,altaria,1,13,2,5
72000540,blaziken,0,8,3,0
72000541,altaria,1,10,2,4
72000541,blaziken,0,13,5,0
72000542,altaria,1,8,1,3
72000542,blaziken,0,13,4,1
72000543,altaria,1,10,1,3
72000543,blaziken,1,12,1,3
72000544,altaria,0,13,3,2
72000544,blaziken,1,8,0,3
72000545,altaria,0,4,1,0
72000545,blaziken,1,12,1,5
72000546,altaria,1,9,1,3
72000546,blaziken,1,11,2,4
72000547,altaria,0,15,5,1
72000547,blaziken,1,12,2,3
72000548,altaria,1,8,0,3
72000548,blaziken,1,10,2,3
72000549,altaria,0,10,4,2
72000549,blaziken,1,5,1,1
72000550,altaria,0,11,4,2
72000550,blaziken,1,6,0,2
72000551,altaria,0,14,5,2
72000551,blaziken,1,9,1,5
72000552,altaria,0,12,3,2
72000552,blaziken,1,4,0,2
72000553,altaria,1,13,1,3
72000553,blaziken,0,10,4,2
72000554,altaria,0,12,4,2
72000554,blaziken,0,8,4,0
72000555,altaria,0,11,4,2
72000555,blaziken,0,11,3,1
72000556,altaria,0,10,3,2
72000556,blaziken,1,11,2,4
72000557,altaria,0,12,3,2
72000557,blaziken,1,9,1,3
72000558,altaria,0,13,5,2
72000558,blaziken,1,10,2,3
72000559,altaria,0,11,4,2
72000559,blaziken,1,11,1,4
72000560,altaria,0,8,3,1
72000560,blaziken,1,7,1,2
72000561,altaria,0,10,4,2
72000561,blaziken,0,14,3,2
72000562,altaria,1,13,1,3
72000562,blaziken,0,6,3,0
72000563,altaria,0,9,4,2
72000563,blaziken,0,8,3,0
72000564,altaria,1,2,0,1
72000564,blaziken,0,10,3,0
72000565,altaria,0,12,4,2
72000565,blaziken,1,8,1,5
72000566,altaria,1,7,0,3
72000566,blaziken,1,9,0,3
72000567,altaria,1,9,0,3
72000567,blaziken,1,11,0,5
72000568,altaria,0,12,3,0
72000568,blaziken,1,13,1,5
72000569,altaria,0,9,3,1
72000569,blaziken,0,11,3,1
72000570,altaria,1,9,1,3
72000570,blaziken,1,3,0,1
72000571,altaria,1,10,2,3
72000571,blaziken,1,8,1,3
72000572,altaria,1,11,2,5
72000572,blaziken,1,7,0,2
72000573,altaria,1,15,1,3
72000573,blaziken,0,10,3,0
72000574,altaria,0,13,3,1
72000574,blaziken,0,10,4,2
72000575,altaria,1,10,1,3
72000575,blaziken,0,12,4,2
72000576,altaria,0,9,5,1
72000576,blaziken,0,9,3,2
72000577,altaria,0,13,5,2
72000577,blaziken,1,14,2,4
72000578,altaria,0,9,2,2
72000578,blaziken,0,9,4,1
72000579,altaria,1,9,1,3
72000579,blaziken,0,12,3,2
72000580,altaria,0,9,3,0
72000580,blaziken,0,12,3,0
72000581,altaria,1,10,2,3
72000581,blaziken,1,9,2,4
72000582,altaria,0,10,4,1
72000582,blaziken,1,7,0,3
72000583,altaria,1,12,2,3
72000583,blaziken,0,8,3,1
72000584,altaria,0,12,5,2
72000584,blaziken,1,9,0,3
72000585,altaria,1,14,2,5
72000585,blaziken,1,9,1,3
72000586,altaria,1,12,1,3
72000586,blaziken,1,13,1,3
72000587,altaria,0,9,4,1
72000587,blaziken,0,11,5,1
72000588,altaria,0,14,3,1
72000588,blaziken,0,4,1,0
72000589,altaria,0,15,4,2
72000589,blaziken,0,12,5,2
72000590,altaria,0,11,3,1
72000590,blaziken,1,5,0,2
72000591,altaria,0,10,4,1
72000591,blaziken,0,10,3,0
72000592,altaria,1,10,2,5
72000592,blaziken,0,10,3,0
72000593,altaria,1,12,1,5
72000593,blaziken,1,9,1,3
72000594,altaria,1,10,0,3
72000594,blaziken,0,14,3,2
72000595,altaria,0,9,3,1
72000595,blaziken,1,6,1,2
72000596,altaria,0,14,4,2
72000596,blaziken,1,11,2,3
72000597,altaria,1,8,2,3
72000597,blaziken,1,10,2,3
72000598,altaria,1,9,2,4
72000598,blaziken,1,13,2,4
72000599,altaria,0,13,5,2
72000599,blaziken,1,18,2,4
72000600,altaria,0,12,4,1
72000600,blaziken,0,10,4,1
72000601,altaria,1,9,1,3
72000601,blaziken,1,9,1,3
72000602,altaria,0,7,2,1
72000602,blaziken,1,12,2,4
72000603,altaria,0,10,3,2
72000603,blaziken,1,9,2,4
72000604,altaria,0,7,2,0
72000604,blaziken,0,8,3,2
72000605,altaria,1,8,0,3
72000605,blaziken,1,6,0,3
72000606,altaria,0,10,3,1
72000606,blaziken,0,14,3,1
72000607,altaria,0,6,2,0
72000607,blaziken,1,9,1,3
72000608,altaria,0,8,3,1
72000608,blaziken,1,10,1,4
72000609,altaria,1,8,0,3
72000609,blaziken,0,9,3,2
72000610,altaria,0,7,3,1
72000610,blaziken,0,13,3,2
72000611,altaria,0,8,3,1
72000611,blaziken,1,12,1,5
72000612,altaria,1,6,0,3
72000612,blaziken,1,12,2,3
72000613,altaria,0,7,3,1
72000613,blaziken,1,11,2,5
72000614,altaria,0,9,3,1
72000614,blaziken,1,8,1,3
72000615,altaria,0,9,3,1
72000615,blaziken,1,14,1,5
72000616,altaria,1,14,2,3
72000616,blaziken,1,14,0,3
72000617,altaria,1,8,0,4
72000617,blaziken,0,7,3,1
72000618,altaria,1,8,1,3
72000618,blaziken,1,12,1,4
72000619,altaria,1,8,1,4
72000619,blaziken,0,14,3,1
72000620,altaria,1,10,2,3
72000620,blaziken,1,6,0,2
72000621,altaria,1,11,2,3
72000621,blaziken,0,8,4,1
72000622,altaria,1,11,1,4
72000622,blaziken,0,10,3,0
72000623,altaria,1,15,2,5
72000623,blaziken,1,9,0,2
72000624,altaria,0,9,3,2
72000624,blaziken,1,6,0,3
72000625,altaria,1,8,0,3
72000625,blaziken,1,8,1,4
72000626,altaria,0,11,3,2
72000626,blaziken,0,10,3,2
72000627,altaria,1,12,1,3
72000627,blaziken,0,11,5,1
72000628,altaria,1,10,1,3
72000628,blaziken,1,6,0,3
72000629,altaria,1,11,1,3
72000629,blaziken,1,11,2,3
72000630,altaria,1,12,1,4
72000630,blaziken,0,10,5,1
72000631,altaria,0,5,1,1
72000631,blaziken,1,10,2,3
72000632,altaria,0,11,4,1
72000632,blaziken,1,8,0,3
72000633,altaria,1,7,2,3
72000633,blaziken,0,8,3,0
72000634,altaria,1,10,1,5
72000634,blaziken,1,10,1,4
72000635,altaria,1,9,0,3
72000635,blaziken,1,13,1,4
72000636,altaria,0,8,3,0
72000636,blaziken,1,13,1,3
72000637,altaria,0,10,3,0
72000637,blaziken,0,7,3,1
72000638,altaria,1,11,2,4
72000638,blaziken,0,10,3,0
72000639,altaria,0,16,3,2
72000639,blaziken,1,9,1,2
72000640,altaria,0,11,3,1
72000640,blaziken,0,8,3,0
72000641,altaria,0,10,4,2
72000641,blaziken,1,9,1,3
72000642,altaria,1,10,1,4
72000642,blaziken,0,10,4,0
72000643,altaria,1,10,1,3
72000643,blaziken,1,3,1,1
72000644,altaria,0,6,3,0
72000644,blaziken,1,13,1,4
72000645,altaria,1,12,1,3
72000645,blaziken,1,12,2,5
72000646,altaria,0,10,3,0
72000646,blaziken,1,13,1,5
72000647,altaria,1,11,2,5
72000647,blaziken,0,8,4,0
72000648,altaria,1,11,1,4
72000648,blaziken,0,10,4,1
72000649,altaria,0,3,1,0
72000649,blaziken,1,9,1,3
72000650,altaria,1,13,2,3
72000650,blaziken,1,7,0,1
72000651,altaria,0,8,3,2
72000651,blaziken,1,9,1,5
72000652,altaria,1,8,0,4
72000652,blaziken,0,7,3,1
72000653,altaria,0,8,3,1
72000653,blaziken,0,10,4,2
72000654,altaria,0,9,3,1
72000654,blaziken,1,10,1,4
72000655,altaria,0,8,3,0
72000655,blaziken,0,10,5,1
72000656,altaria,0,6,3,0
72000656,blaziken,1,5,0,1
72000657,altaria,0,10,4,2
72000657,blaziken,1,11,2,3
72000658,altaria,1,12,2,3
72000658,blaziken,0,10,5,2
72000659,altaria,0,9,3,1
72000659,blaziken,0,9,3,2
72000660,altaria,1,11,1,3
72000660,blaziken,0,10,3,2
72000661,altaria,1,10,0,3
72000661,blaziken,1,7,1,2
72000662,altaria,1,9,2,4
72000662,blaziken,0,12,5,1
72000663,altaria,0,9,3,1
72000663,blaziken,1,13,2,5
72000664,altaria,0,11,3,0
72000664,blaziken,0,11,3,2
72000665,altaria,0,9,3,1
72000665,blaziken,1,5,1,1
72000666,altaria,1,8,1,3
72000666,blaziken,0,9,3,1
72000667,altaria,0,13,3,2
72000667,blaziken,1,12,0,3
72000668,altaria,1,9,2,4
72000668,blaziken,1,10,1,3
72000669,altaria,0,9,3,2
72000669,blaziken,0,7,3,0
72000670,altaria,1,10,1,3
72000670,blaziken,1,10,1,3
72000671,altaria,0,12,4,1
72000671,blaziken,0,8,3,1
72000672,altaria,0,9,3,2
72000672,blaziken,0,10,3,1
72000673,altaria,1,8,2,3
72000673,blaziken,1,6,0,3
72000674,altaria,1,11,1,3
72000674,blaziken,0,12,3,1
72000675,altaria,0,10,4,1
72000675,blaziken,1,6,0,3
72000676,altaria,1,8,0,3
72000676,blaziken,0,9,2,1
72000677,altaria,0,11,5,1
72000677,blaziken,1,10,1,3
72000678,altaria,0,6,2,1
72000678,blaziken,1,7,1,3
72000679,altaria,1,11,1,3
72000679,blaziken,0,8,3,2
72000680,altaria,1,11,1,4
72000680,blaziken,0,9,3,1
72000681,altaria,1,9,2,3
72000681,blaziken,1,9,1,3
72000682,altaria,1,9,0,3
72000682,blaziken,1,11,2,3
72000683,altaria,0,10,3,2
72000683,blaziken,0,8,3,0
72000684,altaria,0,13,4,2
72000684,blaziken,1,8,0,3
72000685,altaria,0,11,4,2
72000685,blaziken,1,8,2,3
72000686,altaria,0,10,3,1
72000686,blaziken,1,14,1,5
72000687,altaria,0,8,3,1
72000687,blaziken,1,11,2,3
72000688,altaria,0,6,3,0
72000688,blaziken,0,9,3,2
72000689,altaria,0,13,4,2
72000689,blaziken,1,12,2,4
72000690,altaria,0,9,3,1
72000690,blaziken,1,3,0,1
72000691,altaria,0,9,3,2
72000691,blaziken,1,13,1,3
72000692,altaria,0,11,3,1
72000692,blaziken,0,7,3,0
72000693,altaria,0,14,5,2
72000693,blaziken,1,7,1,2
72000694,altaria,0,10,3,2
72000694,blaziken,0,13,3,2
72000695,altaria,1,11,0,3
72000695,blaziken,0,7,4,1
72000696,altaria,1,12,2,3
72000696,blaziken,1,6,0,3
72000697,altaria,0,7,3,1
72000697,blaziken,1,9,1,3
72000698,altaria,1,11,2,4
72000698,blaziken,1,13,2,4
72000699,altaria,1,9,1,4
72000699,blaziken,1,8,0,3
72000700,altaria,0,13,3,1
72000700,blaziken,1,14,2,3
72000701,altaria,1,11,1,3
72000701,blaziken,1,11,1,3
72000702,altaria,0,8,4,0
72000702,blaziken,1,13,2,5
72000703,altaria,1,9,1,4
72000703,blaziken,1,10,1,3
72000704,altaria,0,14,5,1
72000704,blaziken,0,12,3,1
72000705,altaria,1,9,1,3
72000705,blaziken,1,5,1,1
72000706,altaria,0,10,3,1
72000706,blaziken,1,6,0,2
72000707,altaria,0,12,5,1
72000707,blaziken,1,4,1,2
72000708,altaria,1,8,0,3
72000708,blaziken,1,12,1,5
72000709,altaria,0,5,1,1
72000709,blaziken,1,12,2,3
72000710,altaria,0,7,3,1
72000710,blaziken,1,8,0,3
72000711,altaria,0,12,3,2
72000711,blaziken,0,9,3,2
72000712,altaria,1,10,1,4
72000712,blaziken,1,4,0,1
72000713,altaria,1,11,1,3
72000713,blaziken,1,10,2,2
72000714,altaria,0,6,2,1
72000714,blaziken,0,12,3,2
72000715,altaria,1,10,1,4
72000715,blaziken,0,11,3,1
72000716,altaria,1,8,0,3
72000716,blaziken,1,8,0,3
72000717,altaria,0,12,4,2
72000717,blaziken,1,7,0,2
72000718,altaria,0,9,3,1
72000718,blaziken,0,19,5,1
72000719,altaria,0,13,3,1
72000719,blaziken,0,11,3,0
72000720,altaria,0,10,3,1
72000720,blaziken,0,10,5,1
72000721,altaria,0,6,2,0
72000721,blaziken,1,9,0,2
72000722,altaria,1,12,1,5
72000722,blaziken,0,9,3,2
72000723,altaria,1,13,1,3
72000723,blaziken,0,7,3,1
72000724,altaria,1,10,0,4
72000724,blaziken,1,10,1,3
72000725,altaria,0,11,5,2
72000725,blaziken,0,9,3,2
72000726,altaria,0,13,3,2
72000726,blaziken,0,9,3,2
72000727,altaria,0,12,5,2
72000727,blaziken,1,9,2,4
72000728,altaria,1,9,1,3
72000728,blaziken,1,13,2,3
72000729,altaria,0,11,3,2
72000729,blaziken,0,9,4,1
72000730,altaria,0,12,4,2
72000730,blaziken,1,2,0,1
72000731,altaria,1,14,2,5
72000731,blaziken,0,13,4,2
72000732,altaria,1,15,2,3
72000732,blaziken,1,7,0,3
72000733,altaria,0,4,1,0
72000733,blaziken,1,11,2,3
72000734,altaria,1,10,1,3
72000734,blaziken,1,15,2,4
72000735,altaria,1,9,1,3
72000735,blaziken,0,8,3,1
72000736,altaria,1,14,2,3
72000736,blaziken,0,13,3,1
72000737,altaria,1,11,2,5
72000737,blaziken,1,10,1,3
72000738,altaria,1,11,2,3
72000738,blaziken,0,12,4,2
72000739,altaria,1,15,2,4
72000739,blaziken,0,12,3,0
72000740,altaria,0,10,2,1
72000740,blaziken,0,8,3,1
72000741,altaria,0,6,3,0
72000741,blaziken,0,10,5,1
72000742,altaria,0,10,5,1
72000742,blaziken,0,11,3,2
72000743,altaria,1,10,1,3
72000743,blaziken,1,9,1,3
72000744,altaria,0,10,5,1
72000744,blaziken,0,8,4,1
72000745,altaria,1,9,1,4
72000745,blaziken,0,9,3,1
72000746,altaria,0,9,3,1
72000746,blaziken,0,9,3,0
72000747,altaria,1,9,1,3
72000747,blaziken,1,8,0,3
72000748,altaria,0,4,2,0
72000748,blaziken,1,11,2,5
72000749,altaria,1,10,2,5
72000749,blaziken,1,8,1,3
72000750,altaria,0,7,2,1
72000750,blaziken,1,12,1,5
72000751,altaria,1,8,1,4
72000751,blaziken,1,5,0,1
72000752,altaria,0,11,4,2
72000752,blaziken,0,9,3,1
72000753,altaria,1,10,1,4
72000753,blaziken,1,8,1,3
72000754,altaria,0,8,4,1
72000754,blaziken,0,16,5,2
72000755,altaria,0,10,3,1
72000755,blaziken,1,13,1,3
72000756,altaria,0,11,3,2
72000756,blaziken,0,13,5,0
72000757,altaria,0,3,1,0
72000757,blaziken,0,11,3,1
72000758,altaria,1,14,1,3
72000758,blaziken,0,11,4,2
72000759,altaria,0,11,3,1
72000759,blaziken,1,10,0,3
72000760,altaria,1,6,1,3
72000760,blaziken,1,14,2,5
72000761,altaria,0,14,3,2
72000761,blaziken,0,8,3,0
72000762,altaria,1,12,1,3
72000762,blaziken,1,8,1,3
72000763,altaria,1,15,2,3
72000763,blaziken,0,6,3,0
72000764,altaria,0,11,4,2
72000764,blaziken,1,8,0,3
72000765,altaria,0,13,5,2
72000765,blaziken,0,8,3,1
72000766,altaria,0,6,3,0
72000766,blaziken,1,9,1,3
72000767,altaria,0,8,3,1
72000767,blaziken,1,13,1,3
72000768,altaria,1,7,0,3
72000768,blaziken,0,8,3,0
72000769,altaria,0,12,5,1
72000769,blaziken,1,9,1,3
72000770,altaria,1,11,0,3
72000770,blaziken,1,9,2,3
72000771,altaria,1,10,0,3
72000771,blaziken,0,8,3,0
72000772,altaria,1,12,1,3
72000772,blaziken,0,10,3,1
72000773,altaria,0,9,2,1
72000773,blaziken,1,10,1,3
72000774,altaria,0,7,2,0
72000774,blaziken,1,8,0,4
72000775,altaria,1,12,2,3
72000775,blaziken,0,10,3,2
72000776,altaria,0,13,3,2
72000776,blaziken,1,8,1,3
72000777,altaria,1,9,1,3
72000777,blaziken,1,13,1,3
72000778,altaria,0,11,4,1
72000778,blaziken,0,11,3,2
72000779,altaria,1,9,2,4
72000779,blaziken,1,6,0,3
72000780,altaria,1,9,1,5
72000780,blaziken,1,15,2,5
72000781,altaria,1,10,1,5
72000781,blaziken,0,9,3,0
72000782,altaria,1,16,2,3
72000782,blaziken,0,13,3,1
72000783,altaria,1,9,1,4
72000783,blaziken,1,5,1,2
72000784,altaria,0,12,4,1
72000784,blaziken,1,9,1,3
72000785,altaria,0,16,5,2
72000785,blaziken,1,12,1,5
72000786,altaria,1,16,1,5
72000786,blaziken,0,10,5,0
72000787,altaria,0,14,4,2
72000787,blaziken,1,9,2,3
72000788,altaria,0,12,3,2
72000788,blaziken,0,10,5,0
72000789,altaria,1,7,1,3
72000789,blaziken,1,9,2,3
72000790,altaria,0,9,4,1
72000790,blaziken,0,10,3,1
72000791,altaria,1,8,0,3
72000791,blaziken,1,6,0,2
72000792,altaria,1,14,2,3
72000792,blaziken,1,14,2,3
72000793,altaria,1,13,1,3
72000793,blaziken,1,13,2,4
72000794,altaria,0,8,3,1
72000794,blaziken,1,9,1,3
72000795,altaria,0,4,1,1
72000795,blaziken,1,9,1,3
72000796,altaria,1,8,0,3
72000796,blaziken,1,8,1,4
72000797,altaria,0,9,3,1
72000797,blaziken,0,9,3,2
72000798,altaria,0,6,3,0
72000798,blaziken,1,6,1,2
72000799,altaria,1,5,0,1
72000799,blaziken,1,12,2,3
72000800,altaria,1,13,0,3
72000800,blaziken,1,10,1,4
72000801,altaria,0,10,3,1
72000801,blaziken,1,3,1,1
72000802,altaria,1,15,2,5
72000802,blaziken,0,12,3,1
72000803,altaria,1,8,2,3
72000803,blaziken,1,7,0,3
72000804,altaria,0,11,3,2
72000804,blaziken,1,12,1,3
72000805,altaria,0,7,4,0
72000805,blaziken,1,10,1,3
72000806,altaria,0,16,5,1
72000806,blaziken,0,10,4,2
72000807,altaria,1,8,0,3
72000807,blaziken,1,11,1,3
72000808,altaria,1,9,2,5
72000808,blaziken,0,12,3,2
72000809,altaria,0,8,2,1
72000809,blaziken,1,10,2,3
72000810,altaria,0,11,3,0
72000810,blaziken,0,13,3,2
72000811,altaria,0,12,3,2
72000811,blaziken,1,4,0,1
72000812,altaria,0,11,3,1
72000812,blaziken,1,11,2,4
72000813,altaria,1,9,1,3
72000813,blaziken,1,13,2,4
72000814,altaria,1,8,1,3
72000814,blaziken,1,16,2,5
72000815,altaria,1,8,2,3
72000815,blaziken,1,11,1,3
72000816,altaria,0,13,3,1
72000816,blaziken,1,8,1,3
72000817,altaria,1,7,1,3
72000817,blaziken,0,12,3,1
72000818,altaria,0,4,1,1
72000818,blaziken,1,9,0,3
72000819,altaria,0,12,4,0
72000819,blaziken,1,11,1,3
72000820,altaria,0,8,3,1
72000820,blaziken,0,8,4,0
72000821,altaria,1,13,1,3
72000821,blaziken,1,15,2,4
72000822,altaria,1,11,2,5
72000822,blaziken,1,3,0,1
72000823,altaria,0,7,3,1
72000823,blaziken,1,3,0,1
72000824,altaria,0,8,4,1
72000824,blaziken,1,9,2,4
72000825,altaria,1,8,0,3
72000825,blaziken,0,14,5,2
72000826,altaria,1,9,2,3
72000826,blaziken,1,11,1,3
72000827,altaria,0,8,3,1
72000827,blaziken,0,12,4,1
72000828,altaria,0,12,5,1
72000828,blaziken,1,9,1,4
72000829,altaria,0,10,4,2
72000829,blaziken,0,12,5,2
72000830,altaria,0,12,3,1
72000830,blaziken,0,10,3,1
72000831,altaria,0,9,3,1
72000831,blaziken,1,6,0,3
72000832,altaria,0,9,3,2
72000832,blaziken,1,9,1,3
72000833,altaria,1,9,0,3
72000833,blaziken,1,5,0,1
72000834,altaria,0,5,2,0
72000834,blaziken,0,9,3,1
72000835,altaria,0,7,3,1
72000835,blaziken,0,9,3,1
72000836,altaria,0,11,3,2
72000836,blaziken,1,8,1,3
72000837,altaria,1,11,1,3
72000837,blaziken,0,10,3,0
72000838,altaria,1,11,0,5
72000838,blaziken,0,10,3,1
72000839,altaria,0,9,3,1
72000839,blaziken,0,9,3,2
72000840,altaria,1,11,1,3
72000840,blaziken,1,9,0,3
72000841,altaria,1,9,1,4
72000841,blaziken,1,5,0,1
72000842,altaria,1,11,1,3
72000842,blaziken,1,10,2,3
72000843,altaria,1,8,2,4
72000843,blaziken,1,7,0,1
72000844,altaria,1,13,2,4
72000844,blaziken,1,11,2,5
72000845,altaria,0,9,3,1
72000845,blaziken,0,9,3,0
72000846,altaria,0,5,3,0
72000846,blaziken,0,9,3,1
72000847,altaria,1,10,2,3
72000847,blaziken,1,14,2,4
72000848,altaria,1,9,0,3
72000848,blaziken,1,13,2,5
72000849,altaria,0,7,1,0
72000849,blaziken,1,4,0,1
72000850,altaria,0,9,3,1
72000850,blaziken,1,7,1,3
72000851,altaria,0,8,3,0
72000851,blaziken,0,8,3,0
72000852,altaria,0,12,3,2
72000852,blaziken,1,7,1,4
72000853,altaria,0,8,3,2
72000853,blaziken,0,14,3,2
72000854,altaria,0,12,5,2
72000854,blaziken,1,13,2,3
72000855,altaria,0,8,3,1
72000855,blaziken,1,9,1,3
72000856,altaria,0,13,3,1
72000856,blaziken,1,10,2,5
72000857,altaria,0,10,4,1
72000857,blaziken,1,13,2,4
72000858,altaria,1,12,1,5
72000858,blaziken,0,9,4,2
72000859,altaria,0,9,3,2
72000859,blaziken,0,11,3,1
72000860,altaria,0,10,5,1
72000860,blaziken,0,12,4,2
72000861,altaria,0,14,4,2
72000861,blaziken,1,13,2,5
72000862,altaria,0,6,2,0
72000862,blaziken,1,11,2,5
72000863,altaria,0,9,2,1
72000863,blaziken,1,10,0,3
72000864,altaria,1,13,1,3
72000864,blaziken,0,8,3,1
72000865,altaria,1,10,1,3
72000865,blaziken,0,11,3,1
72000866,altaria,0,8,3,0
72000866,blaziken,1,7,1,3
72000867,altaria,1,8,2,3
72000867,blaziken,1,10,1,3
72000868,altaria,1,11,0,3
72000868,blaziken,1,10,1,3
72000869,altaria,0,13,3,1
72000869,blaziken,0,11,3,2
72000870,altaria,0,7,4,1
72000870,blaziken,1,8,0,3
72000871,altaria,0,7,3,1
72000871,blaziken,1,11,2,4
72000872,altaria,1,13,1,3
72000872,blaziken,1,9,0,5
72000873,altaria,0,13,3,2
72000873,blaziken,1,8,1,3
72000874,altaria,0,3,1,0
72000874,blaziken,1,14,1,5
72000875,altaria,1,12,1,3
72000875,blaziken,1,12,2,4
72000876,altaria,0,11,3,1
72000876,blaziken,0,7,3,2
72000877,altaria,1,11,2,4
72000877,blaziken,1,7,0,4
72000878,altaria,1,11,1,3
72000878,blaziken,0,12,5,1
72000879,altaria,1,8,2,3
72000879,blaziken,0,7,3,0
72000880,altaria,0,6,2,0
72000880,blaziken,1,7,1,4
72000881,altaria,1,8,0,3
72000881,blaziken,1,8,0,5
72000882,altaria,0,5,2,0
72000882,blaziken,0,7,3,1
72000883,altaria,1,9,0,3
72000883,blaziken,1,7,0,3
72000884,altaria,1,8,1,3
72000884,blaziken,1,14,2,4
72000885,altaria,0,11,3,2
72000885,blaziken,1,16,1,5
72000886,altaria,1,12,2,4
72000886,blaziken,1,11,1,3
72000887,altaria,0,13,3,2
72000887,blaziken,0,13,4,2
72000888,altaria,1,10,1,3
72000888,blaziken,1,6,0,2
72000889,altaria,0,10,3,2
72000889,blaziken,1,11,1,3
72000890,altaria,0,10,3,1
72000890,blaziken,1,9,1,3
72000891,altaria,0,8,3,1
72000891,blaziken,0,8,4,0
72000892,altaria,0,12,3,1
72000892,blaziken,0,14,5,2
72000893,altaria,0,10,3,1
72000893,blaziken,0,12,5,2
72000894,altaria,0,10,4,1
72000894,blaziken,0,8,3,2
72000895,altaria,0,10,5,0
72000895,blaziken,0,9,3,1
72000896,altaria,0,5,2,0
72000896,blaziken,1,7,1,3
72000897,altaria,0,9,2,1
72000897,blaziken,1,6,0,4
72000898,altaria,0,11,3,0
72000898,blaziken,1,8,2,3
72000899,altaria,1,14,2,4
72000899,blaziken,0,11,3,2
72000900,altaria,1,9,1,3
72000900,blaziken,1,10,1,3
72000901,altaria,1,5,0,1
72000901,blaziken,1,9,2,2
72000902,altaria,0,17,5,2
72000902,blaziken,0,7,4,1
72000903,altaria,1,7,2,3
72000903,blaziken,0,10,3,2
72000904,altaria,0,9,3,2
72000904,blaziken,1,4,1,1
72000905,altaria,1,9,0,3
72000905,blaziken,1,11,1,3
72000906,altaria,0,14,5,2
72000906,blaziken,1,13,2,4
72000907,altaria,0,5,2,0
72000907,blaziken,0,9,5,1
72000908,altaria,0,10,4,0
72000908,blaziken,0,14,3,1
72000909,altaria,0,7,4,0
72000909,blaziken,1,8,0,3
72000910,altaria,1,6,0,3
72000910,blaziken,1,10,0,3
72000911,altaria,0,9,3,1
72000911,blaziken,1,10,2,4
72000912,altaria,0,8,3,0
72000912,blaziken,0,12,3,1
72000913,altaria,0,7,1,0
72000913,blaziken,1,5,0,1
72000914,altaria,0,13,5,2
72000914,blaziken,1,12,1,3
72000915,altaria,0,12,3,1
72000915,blaziken,1,10,1,3
72000916,altaria,0,5,1,0
72000916,blaziken,1,7,1,4
72000917,altaria,1,11,2,3
72000917,blaziken,1,9,2,4
72000918,altaria,0,6,3,0
72000918,blaziken,0,12,3,1
72000919,altaria,1,8,1,3
72000919,blaziken,1,10,1,5
72000920,altaria,1,12,0,3
72000920,blaziken,1,10,1,5
72000921,altaria,0,13,3,2
72000921,blaziken,1,12,1,3
72000922,altaria,0,4,2,0
72000922,blaziken,1,9,1,3
72000923,altaria,0,16,5,2
72000923,blaziken,1,15,2,5
72000924,altaria,0,10,3,1
72000924,blaziken,1,9,0,3
72000925,altaria,0,10,3,2
72000925,blaziken,1,9,2,3
72000926,altaria,1,10,1,4
72000926,blaziken,1,10,1,5
72000927,altaria,0,3,1,0
72000927,blaziken,0,11,4,2
72000928,altaria,0,11,4,2
72000928,blaziken,0,14,3,0
72000929,altaria,0,4,1,1
72000929,blaziken,1,9,1,3
72000930,altaria,1,14,1,5
72000930,blaziken,0,17,5,2
72000931,altaria,0,12,4,1
72000931,blaziken,0,9,5,1
72000932,altaria,0,11,5,2
72000932,blaziken,0,11,3,1
72000933,altaria,1,9,1,3
72000933,blaziken,1,9,2,3
72000934,altaria,0,13,4,0
72000934,blaziken,0,12,3,2
72000935,altaria,0,9,3,0
72000935,blaziken,1,8,0,3
72000936,altaria,0,3,1,0
72000936,blaziken,1,12,2,5
72000937,altaria,0,10,3,2
72000937,blaziken,1,17,2,5
72000938,altaria,0,9,3,2
72000938,blaziken,1,7,0,3
72000939,altaria,1,13,1,3
72000939,blaziken,1,9,1,3
72000940,altaria,0,13,5,0
72000940,blaziken,1,11,1,3
72000941,altaria,1,12,0,3
72000941,blaziken,1,8,0,3
72000942,altaria,0,11,3,0
72000942,blaziken,0,10,3,1
72000943,altaria,1,12,0,3
72000943,blaziken,1,8,2,3
72000944,altaria,1,9,0,3
72000944,blaziken,1,5,0,1
72000945,altaria,0,8,3,1
72000945,blaziken,0,12,4,2
72000946,altaria,1,9,1,3
72000946,blaziken,0,10,5,0
72000947,altaria,1,9,1,4
72000947,blaziken,1,7,1,2
72000948,altaria,0,5,2,0
72000948,blaziken,1,10,1,3
72000949,altaria,0,9,3,2
72000949,blaziken,1,8,1,3
72000950,altaria,0,8,2,1
72000950,blaziken,1,11,2,3
72000951,altaria,0,8,3,1
72000951,blaziken,0,9,4,1
72000952,altaria,0,8,3,1
72000952,blaziken,0,6,1,0
72000953,altaria,0,8,4,0
72000953,blaziken,0,13,3,0
72000954,altaria,1,7,0,3
72000954,blaziken,1,11,1,4
72000955,altaria,0,6,3,0
72000955,blaziken,1,12,1,3
72000956,altaria,1,7,2,3
72000956,blaziken,1,6,1,3
72000957,altaria,0,8,3,0
72000957,blaziken,0,10,3,1
72000958,altaria,0,9,3,1
72000958,blaziken,1,10,1,3
72000959,altaria,1,9,1,3
72000959,blaziken,1,11,1,3
72000960,altaria,1,11,2,3
72000960,blaziken,1,6,1,2
72000961,altaria,0,11,3,1
72000961,blaziken,1,8,1,4
72000962,altaria,0,7,3,1
72000962,blaziken,1,10,1,3
72000963,altaria,0,8,3,0
72000963,blaziken,1,11,1,4
72000964,altaria,0,3,1,0
72000964,blaziken,1,10,1,3
72000965,altaria,0,5,2,1
72000965,blaziken,1,12,1,4
72000966,altaria,0,12,5,2
72000966,blaziken,0,8,3,1
72000967,altaria,0,12,5,0
72000967,blaziken,1,15,1,5
72000968,altaria,0,11,3,1
72000968,blaziken,0,11,3,2
72000969,altaria,0,9,3,2
72000969,blaziken,0,7,3,0
72000970,altaria,1,10,2,5
72000970,blaziken,1,6,0,3
72000971,altaria,0,6,2,1
72000971,blaziken,0,11,3,1
72000972,altaria,0,15,4,2
72000972,blaziken,0,9,4,1
72000973,altaria,1,12,1,4
72000973,blaziken,1,11,1,3
72000974,altaria,1,11,2,4
72000974,blaziken,0,12,5,2
72000975,altaria,1,14,1,3
72000975,blaziken,0,11,5,2
72000976,altaria,0,9,3,1
72000976,blaziken,1,6,0,3
72000977,altaria,1,11,2,3
72000977,blaziken,1,16,2,5
72000978,altaria,1,8,1,3
72000978,blaziken,1,10,1,4
72000979,altaria,1,14,1,3
72000979,blaziken,0,9,3,1
72000980,altaria,0,14,4,2
72000980,blaziken,0,8,3,1
72000981,altaria,1,10,2,4
72000981,blaziken,1,8,1,3
72000982,altaria,0,11,5,2
72000982,blaziken,1,8,0,3
72000983,altaria,0,10,3,2
72000983,blaziken,0,9,3,2
72000984,altaria,1,11,1,3
72000984,blaziken,1,9,1,3
72000985,altaria,0,14,5,2
72000985,blaziken,1,15,2,4
72000986,altaria,1,10,2,3
72000986,blaziken,1,13,2,3
72000987,altaria,1,11,0,4
72000987,blaziken,0,12,3,1
72000988,altaria,1,11,1,5
72000988,blaziken,1,9,2,4
72000989,altaria,0,12,3,1
72000989,blaziken,0,8,3,0
72000990,altaria,0,7,2,0
72000990,blaziken,0,11,3,0
72000991,altaria,0,3,1,1
72000991,blaziken,1,8,1,3
72000992,altaria,0,9,2,1
72000992,blaziken,1,9,1,4
72000993,altaria,1,9,1,3
72000993,blaziken,1,11,1,3
72000994,altaria,0,12,3,2
72000994,blaziken,0,10,5,2
72000995,altaria,0,9,3,1
72000995,blaziken,1,12,1,4
72000996,altaria,1,13,2,3
72000996,blaziken,1,15,2,5
72000997,altaria,1,12,1,5
72000997,blaziken,1,9,2,3
72000998,altaria,0,5,1,1
72000998,blaziken,0,9,4,2
72000999,altaria,0,2,1,0
72000999,blaziken,1,11,2,4
