cell,group,nL,L,kog3,miss,miss2,lim_noise,sim_noise,chance,excess,exc_lo,exc_hi,inst,list_low,list_mid,list_high,rem_mid,koh3,koh3_gain,best_pilot,best_rate,env_gain,reach_koh,reach_env,left_env,z2_halves,other_half,n_other,list_meas_rms,list_best_toward
rayquaza v lucario,rq,58,73.28,34.8,-38.48,1480.39,33.76,4.54,38.3,1442.09,700.89,2276.71,19.16,12.19,24.39,48.78,1398.54,53.6,1093.69,kpf3,61.4,1339.56,1093.69,1339.56,58.98,4.47,54.72,62,nan,nan
rayquaza v vespiquen,rq,36,61.11,25.2,-35.91,1289.61,66.02,3.77,69.79,1219.82,342.19,2354.4,19.16,13.5,26.99,53.99,1173.67,51.2,1192.6,koh3,51.2,1192.6,1173.67,1173.67,0.0,1.72,44.64,28,nan,nan
altaria_greninja v sceptile,ag,33,66.67,31.0,-35.67,1272.11,67.34,4.28,71.62,1200.49,253.01,2234.3,171.35,8.34,16.68,33.37,1012.46,29.8,-87.13,kpf3,33.4,165.61,0.0,165.61,846.85,6.89,33.87,31,nan,nan
sceptile v vespiquen,pn,56,35.71,64.2,28.49,811.44,41.0,4.6,45.6,765.84,180.87,1468.4,0.0,8.55,17.1,34.19,748.74,64.0,11.37,koh3,64.0,11.37,11.37,11.37,737.38,0.15,32.52,83,nan,nan
rayquaza v sceptile,rq,50,45.0,17.6,-27.4,750.76,49.5,2.9,52.4,698.36,124.64,1496.4,19.16,9.95,19.9,39.8,659.3,23.8,302.05,kpf3,25.0,351.61,302.05,351.61,307.69,0.16,40.94,44,nan,nan
altaria_greninja v blaziken,ag,17,70.59,44.3,-26.29,691.07,122.12,4.94,127.06,564.01,-215.5,1808.21,171.35,7.43,14.86,29.72,377.8,42.6,-92.31,ktb3,49.2,233.68,0.0,233.68,144.12,1.74,44.95,10,nan,nan
altaria_greninja v hydreigon,ag,17,64.71,39.4,-25.31,640.39,134.34,4.78,139.11,501.27,-266.93,1737.87,171.35,9.42,18.85,37.7,311.08,39.6,10.09,kpf3,41.4,97.3,10.09,97.3,213.78,1.41,45.91,24,nan,nan
rayquaza v blaziken,rq,8,50.0,27.3,-22.7,515.29,312.5,3.97,316.47,198.82,-553.69,1905.53,19.16,9.04,18.08,36.15,161.58,39.0,395.08,kpr3,41.5,443.93,161.58,161.58,0.0,0.21,40.03,15,nan,nan
altaria_greninja v weezing,ag,16,50.0,28.6,-21.4,457.96,156.25,4.08,160.33,297.63,-289.36,1444.51,171.35,17.64,35.28,70.56,91.0,37.2,294.71,koh3,37.2,294.71,91.0,91.0,0.0,0.0,50.0,12,nan,nan
hydreigon v lucario,pn,55,63.64,43.6,-20.04,401.46,42.07,4.92,46.99,354.46,-27.9,846.6,0.0,8.33,16.66,33.31,337.81,49.0,187.31,kpf3,52.6,279.72,187.31,279.72,58.09,2.65,50.05,102,4.21,4.6
blaziken v hydreigon,pn,24,66.67,48.2,-18.47,341.02,92.59,4.99,97.59,243.43,-189.49,1052.91,0.0,5.17,10.34,20.69,233.09,49.2,35.94,koh3,49.2,35.94,35.94,35.94,197.15,0.97,54.01,37,nan,nan
vespiquen v weezing,pn,43,83.72,65.6,-18.12,328.37,31.7,4.51,36.21,292.16,-33.71,717.78,0.0,17.85,35.69,71.38,256.47,71.8,185.8,kpf3,72.3,197.42,185.8,197.42,59.05,0.0,83.3,42,4.39,1.6
altaria v blaziken,pn,34,76.47,58.6,-17.87,319.36,52.92,4.85,57.77,261.59,-99.46,845.33,0.0,6.49,12.99,25.98,248.6,53.6,-203.58,ktb3,61.2,86.06,0.0,86.06,162.53,0.14,73.0,65,nan,nan
rayquaza v altaria_greninja,rq,36,52.78,35.2,-17.58,308.98,69.23,4.56,73.79,235.19,-126.03,838.76,19.16,13.29,26.58,53.16,189.44,55.8,300.22,koh3,55.8,300.22,189.44,189.44,0.0,0.05,49.94,26,nan,nan
suicune v vespiquen,pn,72,28.47,46.0,17.53,307.22,28.29,4.97,33.25,273.97,6.12,667.25,0.0,13.53,27.06,54.12,246.91,39.8,178.73,koh3,39.8,178.73,178.73,178.73,68.18,0.01,27.6,58,5.99,1.0
altaria_greninja v suicune,ag,38,53.95,37.4,-16.55,273.82,65.38,4.68,70.06,203.75,-125.21,789.66,171.35,13.32,26.65,53.29,5.76,39.4,62.28,koh3,39.4,62.28,5.76,5.76,0.0,4.52,26.05,23,nan,nan
altaria_greninja v lucario,ag,45,68.89,52.8,-16.09,258.85,47.63,4.98,52.61,206.24,-93.24,697.97,171.35,10.59,21.17,42.35,13.72,50.2,-90.41,kpf3,59.0,160.92,0.0,13.72,0.0,1.21,57.7,45,nan,nan
hydreigon v suicune,pn,35,30.0,45.0,15.0,225.0,60.0,4.95,64.95,160.05,-128.19,676.72,0.0,11.06,22.13,44.25,137.92,57.0,-504.05,kta3,44.4,17.63,0.0,17.63,120.3,0.31,36.39,33,4.86,5.8
altaria v vespiquen,pn,93,37.63,52.0,14.37,206.37,25.24,4.99,30.23,176.14,-31.0,470.14,0.0,10.95,21.91,43.81,154.23,49.2,72.61,koh3,49.2,72.61,72.61,72.61,81.62,0.05,39.05,114,nan,nan
lucario v weezing,pn,78,61.54,48.6,-12.94,167.4,30.34,5.0,35.34,132.06,-62.3,463.32,0.0,16.54,33.08,66.17,98.98,61.4,167.13,koh3,61.4,167.13,98.98,98.98,0.0,1.79,50.01,58,6.01,11.2
sceptile v suicune,pn,52,50.0,62.8,12.8,163.84,48.08,4.67,52.75,111.09,-100.6,460.55,0.0,9.98,19.96,39.92,91.13,64.8,-55.31,kta3,62.8,0.0,0.0,0.0,91.13,0.32,44.6,56,3.07,4.6
rayquaza v altaria,rq,86,47.09,35.4,-11.69,136.73,28.97,4.57,33.55,103.18,-56.16,412.3,19.16,12.35,24.71,49.42,59.31,52.0,113.07,koh3,52.0,113.07,59.31,59.31,0.0,0.46,52.27,87,nan,nan
blaziken v sceptile,pn,23,76.09,64.6,-11.49,131.95,79.11,4.57,83.68,48.27,-183.91,574.43,0.0,4.09,8.18,16.36,40.09,60.4,-113.92,kta3,64.6,0.0,0.0,0.0,40.09,1.1,86.3,44,nan,nan
rayquaza v suicune,rq,28,35.71,24.4,-11.31,128.01,82.0,3.69,85.69,42.33,-155.98,616.86,19.16,14.93,29.86,59.72,-6.7,44.6,50.31,koh3,44.6,50.31,0.0,0.0,-6.7,0.6,46.08,26,nan,nan
rayquaza v hydreigon,rq,20,35.0,25.4,-9.6,92.16,113.75,3.79,117.54,-25.38,-215.02,584.28,19.16,11.03,22.06,44.13,-66.61,41.4,52.26,koh3,41.4,52.26,0.0,0.0,-66.61,0.35,43.33,30,nan,nan
altaria v lucario,pn,161,72.36,64.0,-8.36,69.89,12.42,4.61,17.03,52.86,-30.71,191.09,0.0,9.65,19.3,38.6,33.56,56.6,-178.19,kta3,64.0,0.0,0.0,0.0,33.56,0.08,71.05,173,2.51,2.6
altaria_greninja v vespiquen,ag,35,61.43,54.0,-7.43,55.18,67.7,4.97,72.66,-17.48,-147.53,327.54,171.35,11.89,23.78,47.56,-212.61,56.2,27.8,koh3,56.2,27.8,0.0,0.0,-212.61,8.24,23.96,25,nan,nan
altaria v weezing,pn,47,32.98,40.3,7.32,53.6,47.03,4.81,51.84,1.76,-106.56,273.61,0.0,16.7,33.41,66.81,-31.64,42.3,-33.22,kta3,40.3,0.0,0.0,0.0,-31.64,0.22,37.41,56,6.83,5.4
blaziken v weezing,pn,17,41.18,47.1,5.92,35.09,142.48,4.98,147.46,-112.37,-298.06,463.72,0.0,13.39,26.77,53.55,-139.15,57.8,-241.36,kt3,45.2,18.87,0.0,0.0,-139.15,0.64,53.28,31,1.91,3.2
altaria v suicune,pn,65,56.15,50.8,-5.35,28.66,37.88,5.0,42.88,-14.21,-85.75,173.44,0.0,12.39,24.77,49.55,-38.99,51.0,2.1,kt3,54.0,23.99,0.0,0.0,-38.99,0.49,50.49,89,6.8,-0.6
suicune v weezing,pn,39,60.26,55.2,-5.06,25.57,61.41,4.95,66.35,-40.78,-134.07,222.52,0.0,19.28,38.56,77.11,-79.34,64.7,5.44,kpf3,61.9,22.64,0.0,0.0,-79.34,0.5,67.82,42,5.04,4.81
hydreigon v weezing,pn,24,45.83,50.6,4.77,22.72,103.44,5.0,108.44,-85.72,-216.61,277.17,0.0,15.38,30.76,61.52,-116.48,60.2,-183.89,kta3,50.6,0.0,0.0,0.0,-116.48,0.03,48.26,27,15.37,4.4
altaria v hydreigon,pn,56,54.46,49.8,-4.66,21.76,44.29,5.0,49.29,-27.53,-98.57,163.97,0.0,8.49,16.98,33.95,-44.51,40.4,-176.23,kta3,49.8,0.0,0.0,0.0,-44.51,0.28,59.04,82,nan,nan
blaziken v lucario,pn,59,40.68,45.1,4.42,19.55,40.9,4.95,45.85,-26.3,-92.04,153.23,0.0,6.33,12.67,25.34,-38.97,48.6,-43.16,kta3,45.1,0.0,0.0,0.0,-38.97,0.68,47.65,85,2.74,1.7
hydreigon v vespiquen,pn,38,36.84,41.0,4.16,17.29,61.23,4.84,66.07,-48.78,-134.26,169.86,0.0,9.63,19.26,38.52,-68.04,55.0,-312.31,kta3,41.0,0.0,0.0,0.0,-68.04,0.1,39.92,59,nan,nan
lucario v sceptile,pn,114,39.47,35.6,-3.87,15.01,20.96,4.59,25.54,-10.54,-50.29,80.13,0.0,7.25,14.49,28.98,-25.03,39.6,15.19,koh3,39.6,15.19,0.0,0.0,-25.03,0.45,35.26,123,4.54,3.35
blaziken v suicune,pn,21,64.29,60.6,-3.69,13.58,109.33,4.78,114.1,-100.52,-231.11,316.22,0.0,9.07,18.14,36.28,-118.66,60.6,0.0,ktc3,62.0,8.3,0.0,0.0,-118.66,0.17,58.92,39,9.05,1.7
hydreigon v sceptile,pn,35,40.0,43.2,3.2,10.24,68.57,4.91,73.48,-63.24,-148.07,135.28,0.0,6.08,12.16,24.33,-75.4,43.2,0.0,kpf3,40.0,10.13,0.0,0.0,-75.4,0.0,40.35,47,nan,nan
altaria v sceptile,pn,108,45.37,48.0,2.63,6.91,22.95,4.99,27.94,-21.03,-55.85,64.11,0.0,7.41,14.81,29.62,-35.84,47.8,1.01,kt3,47.6,1.94,0.0,0.0,-35.84,1.1,52.3,125,nan,nan
blaziken v vespiquen,pn,31,79.03,81.6,2.57,6.59,53.46,3.0,56.46,-49.87,-109.76,144.99,0.0,7.64,15.27,30.55,-65.14,79.5,6.63,ktb3,79.4,6.73,0.0,0.0,-65.14,0.26,73.89,44,nan,nan
altaria_greninja v altaria,ag,68,37.5,39.4,1.9,3.61,34.47,4.78,39.24,-35.63,-78.96,73.62,171.35,10.75,21.49,42.99,-228.48,43.2,-28.75,kta3,39.4,0.0,0.0,0.0,-228.48,0.33,42.75,49,nan,nan
sceptile v weezing,pn,36,68.06,69.6,1.54,2.39,60.39,4.23,64.62,-62.24,-127.65,126.62,0.0,14.3,28.59,57.19,-90.83,70.4,-3.18,kta3,69.6,0.0,0.0,0.0,-90.83,0.11,64.65,44,5.15,1.0
lucario v vespiquen,pn,107,69.63,68.2,-1.43,2.03,19.76,4.34,24.1,-22.07,-48.66,51.44,0.0,10.79,21.59,43.17,-43.65,71.4,-1.37,kpf3,68.8,1.31,0.0,0.0,-43.65,0.03,70.64,99,3.24,-0.35
rayquaza v weezing,rq,15,20.0,21.4,1.4,1.96,106.67,3.36,110.03,-108.07,-230.5,159.27,19.16,19.25,38.49,76.99,-165.73,38.6,-342.62,kt3,20.2,1.78,0.0,0.0,-165.73,3.47,53.82,13,nan,nan
lucario v suicune,pn,85,58.82,58.0,-0.82,0.68,28.5,4.87,33.37,-32.69,-66.54,66.75,0.0,12.23,24.45,48.91,-57.14,64.8,-35.35,ktc3,58.0,0.0,0.0,0.0,-57.14,0.08,56.67,91,4.69,0.6
