pairing	block	held_key	held_file	opponent	panel_file	seed_first	seed_last	sub_block_end
0	table	altaria	decks/research/altaria.txt	blaziken	decks/research/blaziken.txt	23000000000	23000000499	23000009999
1	table	altaria	decks/research/altaria.txt	hydreigon	decks/research/hydreigon.txt	23000010000	23000010499	23000019999
2	table	altaria	decks/research/altaria.txt	lucario	decks/research/lucario.txt	23000020000	23000020499	23000029999
3	table	altaria	decks/research/altaria.txt	sceptile	decks/research/sceptile.txt	23000030000	23000030499	23000039999
4	table	altaria	decks/research/altaria.txt	suicune	decks/research/suicune.txt	23000040000	23000040499	23000049999
5	table	altaria	decks/research/altaria.txt	vespiquen	decks/research/vespiquen.txt	23000050000	23000050499	23000059999
6	table	altaria	decks/research/altaria.txt	weezing	decks/research/weezing.txt	23000060000	23000060499	23000069999
7	table	blaziken	decks/research/blaziken.txt	hydreigon	decks/research/hydreigon.txt	23000070000	23000070499	23000079999
8	table	blaziken	decks/research/blaziken.txt	lucario	decks/research/lucario.txt	23000080000	23000080499	23000089999
9	table	blaziken	decks/research/blaziken.txt	sceptile	decks/research/sceptile.txt	23000090000	23000090499	23000099999
10	table	blaziken	decks/research/blaziken.txt	suicune	decks/research/suicune.txt	23000100000	23000100499	23000109999
11	table	blaziken	decks/research/blaziken.txt	vespiquen	decks/research/vespiquen.txt	23000110000	23000110499	23000119999
12	table	blaziken	decks/research/blaziken.txt	weezing	decks/research/weezing.txt	23000120000	23000120499	23000129999
13	table	hydreigon	decks/research/hydreigon.txt	lucario	decks/research/lucario.txt	23000130000	23000130499	23000139999
14	table	hydreigon	decks/research/hydreigon.txt	sceptile	decks/research/sceptile.txt	23000140000	23000140499	23000149999
15	table	hydreigon	decks/research/hydreigon.txt	suicune	decks/research/suicune.txt	23000150000	23000150499	23000159999
16	table	hydreigon	decks/research/hydreigon.txt	vespiquen	decks/research/vespiquen.txt	23000160000	23000160499	23000169999
17	table	hydreigon	decks/research/hydreigon.txt	weezing	decks/research/weezing.txt	23000170000	23000170499	23000179999
18	table	lucario	decks/research/lucario.txt	sceptile	decks/research/sceptile.txt	23000180000	23000180499	23000189999
19	table	lucario	decks/research/lucario.txt	suicune	decks/research/suicune.txt	23000190000	23000190499	23000199999
20	table	lucario	decks/research/lucario.txt	vespiquen	decks/research/vespiquen.txt	23000200000	23000200499	23000209999
21	table	lucario	decks/research/lucario.txt	weezing	decks/research/weezing.txt	23000210000	23000210499	23000219999
22	table	sceptile	decks/research/sceptile.txt	suicune	decks/research/suicune.txt	23000220000	23000220499	23000229999
23	table	sceptile	decks/research/sceptile.txt	vespiquen	decks/research/vespiquen.txt	23000230000	23000230499	23000239999
24	table	sceptile	decks/research/sceptile.txt	weezing	decks/research/weezing.txt	23000240000	23000240499	23000249999
25	table	suicune	decks/research/suicune.txt	vespiquen	decks/research/vespiquen.txt	23000250000	23000250499	23000259999
26	table	suicune	decks/research/suicune.txt	weezing	decks/research/weezing.txt	23000260000	23000260499	23000269999
27	table	vespiquen	decks/research/vespiquen.txt	weezing	decks/research/weezing.txt	23000270000	23000270499	23000279999
