step	bot	pairing	i	seed	held_file	held_blob	panel_file	panel_blob	old_moves	new_moves	exact_counters	offgate_counters
8b	km3	35	2	23100350002	decks/screen/panel_ladder_2026-09-26/l-sharpedo.txt	34c28791effe9036451cd4901f97d517052ffc48	rl/results/engine_switch_rules_2026-10/scratch_8b/meowth_carefree.txt	26815670db336f3d49c642d0ddaf2abf7c00bc64	2b5ba65a790dbe34	681155c48abbaa7c	{"attack_return_weakness": [], "chase_order": {"discarded": 2, "names": {"Chien-Pao ex": 1, "Mantyke": 1, "Mega Sharpedo ex": 1}, "offered": 2}, "coin_cut_recorded": [], "coin_full_prevention": [93], "coin_own_side_split": [], "coin_plain_damage_by_attack": {}, "coin_plain_damage_chosen": [], "coin_queued_by_attack": {"Diving Icicles": [39], "Wild Swing": [93]}, "coin_queued_offered": [39, 93], "coin_queued_offered_any": [39, 93], "discard_attacks": {"Diving Icicles": [1, 0, 0, 0]}, "fossil_item_lock": [], "guts_own_side_split": [], "luxury_coin_opp_stadium": [], "perish_plain_hit_chosen": [], "perish_plain_hit_offered": [], "trap_territory_offer_changed": [], "trap_territory_outcome_changed": [], "trap_territory_two_in_play": [], "vs_block_coin_built": [], "vs_block_coin_choice_offered": [], "vs_confused_choice_chosen": [], "vs_confused_choice_offered": [], "vs_confusion_first_built": [], "will_block_coin_attack": [], "will_confused_attack": []}	{"offgate_block_coin_attack": [], "offgate_by_attack": {"Diving Icicles": [39], "Wild Swing": [104]}, "offgate_confused_attack": [77], "offgate_discard_then_damage": [104], "offgate_fossil_offered": [], "offgate_guts_opponent_split": [], "offgate_helper_by_mechanic": {"SelfDiscardAllTypeEnergyAndDamageAnyOpponentPokemon": [39]}, "offgate_helper_choice": [39], "offgate_luxury_coin_offered": [], "offgate_plain_attack_damage": [39, 104], "offgate_return_by_source": {"Rocky Helmet": [67]}, "offgate_trap_territory_one": [], "offgate_vs_ungated_built": []}
8b	km3	35	3	23100350003	decks/screen/panel_ladder_2026-09-26/l-sharpedo.txt	34c28791effe9036451cd4901f97d517052ffc48	rl/results/engine_switch_rules_2026-10/scratch_8b/meowth_carefree.txt	26815670db336f3d49c642d0ddaf2abf7c00bc64	bd33770ca5d58f2e	b665cc5f5c2b3dba	{"attack_return_weakness": [], "chase_order": {"discarded": 3, "names": {"Carvanha": 2, "Chien-Pao ex": 1, "Mantyke": 2}, "offered": 3}, "coin_cut_recorded": [], "coin_full_prevention": [16, 31, 47], "coin_own_side_split": [], "coin_plain_damage_by_attack": {}, "coin_plain_damage_chosen": [], "coin_queued_by_attack": {"Wild Swing": [47]}, "coin_queued_offered": [47], "coin_queued_offered_any": [47], "fossil_item_lock": [], "guts_own_side_split": [], "luxury_coin_opp_stadium": [], "perish_plain_hit_chosen": [], "perish_plain_hit_offered": [], "trap_territory_offer_changed": [], "trap_territory_outcome_changed": [], "trap_territory_two_in_play": [], "vs_block_coin_built": [], "vs_block_coin_choice_offered": [], "vs_confused_choice_chosen": [], "vs_confused_choice_offered": [], "vs_confusion_first_built": [], "will_block_coin_attack": [], "will_confused_attack": []}	{"offgate_block_coin_attack": [], "offgate_by_attack": {"Wild Swing": [60, 73]}, "offgate_confused_attack": [], "offgate_discard_then_damage": [60, 73], "offgate_fossil_offered": [], "offgate_guts_opponent_split": [], "offgate_helper_by_mechanic": {}, "offgate_helper_choice": [], "offgate_luxury_coin_offered": [], "offgate_plain_attack_damage": [60, 73], "offgate_return_by_source": {}, "offgate_trap_territory_one": [], "offgate_vs_ungated_built": []}
8b	km3	35	10	23100350010	decks/screen/panel_ladder_2026-09-26/l-sharpedo.txt	34c28791effe9036451cd4901f97d517052ffc48	rl/results/engine_switch_rules_2026-10/scratch_8b/meowth_carefree.txt	26815670db336f3d49c642d0ddaf2abf7c00bc64	ce934d7443955912	747e048e047f5b52	{"attack_return_weakness": [], "chase_order": {"discarded": 5, "names": {"Carvanha": 1, "Chien-Pao ex": 1, "Magikarp": 1, "Mantyke": 2, "Mega Sharpedo ex": 1}, "offered": 5}, "coin_cut_recorded": [], "coin_full_prevention": [16, 29, 47], "coin_own_side_split": [], "coin_plain_damage_by_attack": {}, "coin_plain_damage_chosen": [], "coin_queued_by_attack": {"Wild Swing": [47]}, "coin_queued_offered": [47], "coin_queued_offered_any": [47], "fossil_item_lock": [], "guts_own_side_split": [], "luxury_coin_opp_stadium": [], "perish_plain_hit_chosen": [], "perish_plain_hit_offered": [], "trap_territory_offer_changed": [], "trap_territory_outcome_changed": [], "trap_territory_two_in_play": [], "vs_block_coin_built": [], "vs_block_coin_choice_offered": [], "vs_confused_choice_chosen": [], "vs_confused_choice_offered": [], "vs_confusion_first_built": [], "will_block_coin_attack": [], "will_confused_attack": []}	{"offgate_block_coin_attack": [], "offgate_by_attack": {"Wild Swing": [57, 72, 87, 96]}, "offgate_confused_attack": [], "offgate_discard_then_damage": [57, 72, 87, 96], "offgate_fossil_offered": [], "offgate_guts_opponent_split": [], "offgate_helper_by_mechanic": {}, "offgate_helper_choice": [], "offgate_luxury_coin_offered": [], "offgate_plain_attack_damage": [57, 72, 87, 96], "offgate_return_by_source": {"Rocky Helmet": [47]}, "offgate_trap_territory_one": [], "offgate_vs_ungated_built": []}
8b	km3	35	13	23100350013	decks/screen/panel_ladder_2026-09-26/l-sharpedo.txt	34c28791effe9036451cd4901f97d517052ffc48	rl/results/engine_switch_rules_2026-10/scratch_8b/meowth_carefree.txt	26815670db336f3d49c642d0ddaf2abf7c00bc64	a3f648d65b29a79e	12e0ad8c74b7f7fd	{"attack_return_weakness": [], "chase_order": {"discarded": 3, "names": {"Carvanha": 1, "Chien-Pao ex": 1, "Magikarp": 1, "Mantyke": 1, "Mega Sharpedo ex": 1}, "offered": 3}, "coin_cut_recorded": [], "coin_full_prevention": [63], "coin_own_side_split": [], "coin_plain_damage_by_attack": {}, "coin_plain_damage_chosen": [], "coin_queued_by_attack": {"Diving Icicles": [46], "Wild Swing": [63]}, "coin_queued_offered": [46, 63], "coin_queued_offered_any": [46, 63], "discard_attacks": {"Diving Icicles": [1, 0, 0, 0]}, "fossil_item_lock": [], "guts_own_side_split": [], "luxury_coin_opp_stadium": [], "perish_plain_hit_chosen": [], "perish_plain_hit_offered": [], "trap_territory_offer_changed": [], "trap_territory_outcome_changed": [], "trap_territory_two_in_play": [], "vs_block_coin_built": [], "vs_block_coin_choice_offered": [], "vs_confused_choice_chosen": [], "vs_confused_choice_offered": [], "vs_confusion_first_built": [], "will_block_coin_attack": [], "will_confused_attack": []}	{"offgate_block_coin_attack": [], "offgate_by_attack": {"Diving Icicles": [46], "Wild Swing": [77, 91]}, "offgate_confused_attack": [89], "offgate_discard_then_damage": [77, 91], "offgate_fossil_offered": [], "offgate_guts_opponent_split": [], "offgate_helper_by_mechanic": {"SelfDiscardAllTypeEnergyAndDamageAnyOpponentPokemon": [46]}, "offgate_helper_choice": [46], "offgate_luxury_coin_offered": [], "offgate_plain_attack_damage": [46, 77, 91], "offgate_return_by_source": {"Rocky Helmet": [77]}, "offgate_trap_territory_one": [], "offgate_vs_ungated_built": []}
8b	km3	35	14	23100350014	decks/screen/panel_ladder_2026-09-26/l-sharpedo.txt	34c28791effe9036451cd4901f97d517052ffc48	rl/results/engine_switch_rules_2026-10/scratch_8b/meowth_carefree.txt	26815670db336f3d49c642d0ddaf2abf7c00bc64	1f523b416f5713d1	12b1f45dced2afed	{"attack_return_weakness": [], "chase_order": {"discarded": 1, "names": {"Mantyke": 1}, "offered": 1}, "coin_cut_recorded": [], "coin_full_prevention": [46], "coin_own_side_split": [], "coin_plain_damage_by_attack": {}, "coin_plain_damage_chosen": [], "coin_queued_by_attack": {"Wild Swing": [46]}, "coin_queued_offered": [46], "coin_queued_offered_any": [46], "fossil_item_lock": [], "guts_own_side_split": [], "luxury_coin_opp_stadium": [], "perish_plain_hit_chosen": [], "perish_plain_hit_offered": [], "trap_territory_offer_changed": [], "trap_territory_outcome_changed": [], "trap_territory_two_in_play": [], "vs_block_coin_built": [], "vs_block_coin_choice_offered": [], "vs_confused_choice_chosen": [], "vs_confused_choice_offered": [], "vs_confusion_first_built": [], "will_block_coin_attack": [], "will_confused_attack": []}	{"offgate_block_coin_attack": [], "offgate_by_attack": {}, "offgate_confused_attack": [59], "offgate_discard_then_damage": [], "offgate_fossil_offered": [], "offgate_guts_opponent_split": [], "offgate_helper_by_mechanic": {}, "offgate_helper_choice": [], "offgate_luxury_coin_offered": [], "offgate_plain_attack_damage": [], "offgate_return_by_source": {"Rocky Helmet": [28]}, "offgate_trap_territory_one": [], "offgate_vs_ungated_built": []}
8b	km3	35	26	23100350026	decks/screen/panel_ladder_2026-09-26/l-sharpedo.txt	34c28791effe9036451cd4901f97d517052ffc48	rl/results/engine_switch_rules_2026-10/scratch_8b/meowth_carefree.txt	26815670db336f3d49c642d0ddaf2abf7c00bc64	a37776dfd1274e63	9c95ef727880edcd	{"attack_return_weakness": [], "chase_order": {"discarded": 4, "names": {"Carvanha": 1, "Chien-Pao ex": 1, "Magikarp": 1, "Mantyke": 1, "Mega Sharpedo ex": 1}, "offered": 4}, "coin_cut_recorded": [], "coin_full_prevention": [49, 66], "coin_own_side_split": [], "coin_plain_damage_by_attack": {}, "coin_plain_damage_chosen": [], "coin_queued_by_attack": {"Wild Swing": [49, 66]}, "coin_queued_offered": [49, 66], "coin_queued_offered_any": [49, 66], "fossil_item_lock": [], "guts_own_side_split": [], "luxury_coin_opp_stadium": [], "perish_plain_hit_chosen": [], "perish_plain_hit_offered": [], "trap_territory_offer_changed": [], "trap_territory_outcome_changed": [], "trap_territory_two_in_play": [], "vs_block_coin_built": [], "vs_block_coin_choice_offered": [], "vs_confused_choice_chosen": [], "vs_confused_choice_offered": [], "vs_confusion_first_built": [], "will_block_coin_attack": [], "will_confused_attack": []}	{"offgate_block_coin_attack": [], "offgate_by_attack": {"Wild Swing": [76, 92]}, "offgate_confused_attack": [], "offgate_discard_then_damage": [76, 92], "offgate_fossil_offered": [], "offgate_guts_opponent_split": [], "offgate_helper_by_mechanic": {}, "offgate_helper_choice": [], "offgate_luxury_coin_offered": [], "offgate_plain_attack_damage": [76, 92], "offgate_return_by_source": {"Rocky Helmet": [49, 66]}, "offgate_trap_territory_one": [], "offgate_vs_ungated_built": []}
8b	km3	35	30	23100350030	decks/screen/panel_ladder_2026-09-26/l-sharpedo.txt	34c28791effe9036451cd4901f97d517052ffc48	rl/results/engine_switch_rules_2026-10/scratch_8b/meowth_carefree.txt	26815670db336f3d49c642d0ddaf2abf7c00bc64	5774ffb99cc6865f	005315a6eb3aeef9	{"attack_return_weakness": [], "chase_order": {"discarded": 4, "names": {"Carvanha": 1, "Chien-Pao ex": 1, "Magikarp": 1, "Mantyke": 2, "Mega Sharpedo ex": 1}, "offered": 4}, "coin_cut_recorded": [], "coin_full_prevention": [27, 42, 104], "coin_own_side_split": [], "coin_plain_damage_by_attack": {}, "coin_plain_damage_chosen": [], "coin_queued_by_attack": {"Wild Swing": [42, 104]}, "coin_queued_offered": [42, 104], "coin_queued_offered_any": [42, 104], "fossil_item_lock": [], "guts_own_side_split": [], "luxury_coin_opp_stadium": [], "perish_plain_hit_chosen": [], "perish_plain_hit_offered": [], "trap_territory_offer_changed": [], "trap_territory_outcome_changed": [], "trap_territory_two_in_play": [], "vs_block_coin_built": [], "vs_block_coin_choice_offered": [], "vs_confused_choice_chosen": [], "vs_confused_choice_offered": [], "vs_confusion_first_built": [], "will_block_coin_attack": [], "will_confused_attack": []}	{"offgate_block_coin_attack": [], "offgate_by_attack": {"Wild Swing": [53, 87]}, "offgate_confused_attack": [65, 76, 85, 102], "offgate_discard_then_damage": [53, 87], "offgate_fossil_offered": [], "offgate_guts_opponent_split": [], "offgate_helper_by_mechanic": {}, "offgate_helper_choice": [], "offgate_luxury_coin_offered": [], "offgate_plain_attack_damage": [53, 87], "offgate_return_by_source": {"Rocky Helmet": [87]}, "offgate_trap_territory_one": [], "offgate_vs_ungated_built": []}
8b	km3	35	31	23100350031	decks/screen/panel_ladder_2026-09-26/l-sharpedo.txt	34c28791effe9036451cd4901f97d517052ffc48	rl/results/engine_switch_rules_2026-10/scratch_8b/meowth_carefree.txt	26815670db336f3d49c642d0ddaf2abf7c00bc64	02627ae771483cda	9071e5f4f58d7b7e	{"attack_return_weakness": [], "chase_order": {"discarded": 1, "names": {"Mantyke": 1}, "offered": 1}, "coin_cut_recorded": [], "coin_full_prevention": [28, 45, 62], "coin_own_side_split": [], "coin_plain_damage_by_attack": {}, "coin_plain_damage_chosen": [], "coin_queued_by_attack": {"Wild Swing": [62]}, "coin_queued_offered": [62], "coin_queued_offered_any": [62], "fossil_item_lock": [], "guts_own_side_split": [], "luxury_coin_opp_stadium": [], "perish_plain_hit_chosen": [], "perish_plain_hit_offered": [], "trap_territory_offer_changed": [], "trap_territory_outcome_changed": [], "trap_territory_two_in_play": [], "vs_block_coin_built": [], "vs_block_coin_choice_offered": [], "vs_confused_choice_chosen": [], "vs_confused_choice_offered": [], "vs_confusion_first_built": [], "will_block_coin_attack": [], "will_confused_attack": []}	{"offgate_block_coin_attack": [], "offgate_by_attack": {}, "offgate_confused_attack": [], "offgate_discard_then_damage": [], "offgate_fossil_offered": [], "offgate_guts_opponent_split": [], "offgate_helper_by_mechanic": {}, "offgate_helper_choice": [], "offgate_luxury_coin_offered": [], "offgate_plain_attack_damage": [], "offgate_return_by_source": {"Rocky Helmet": [30]}, "offgate_trap_territory_one": [], "offgate_vs_ungated_built": []}
8b	km3	35	35	23100350035	decks/screen/panel_ladder_2026-09-26/l-sharpedo.txt	34c28791effe9036451cd4901f97d517052ffc48	rl/results/engine_switch_rules_2026-10/scratch_8b/meowth_carefree.txt	26815670db336f3d49c642d0ddaf2abf7c00bc64	be616d06ebed99cd	6807e6fb7f03bf84	{"attack_return_weakness": [], "chase_order": {"discarded": 3, "names": {"Carvanha": 1, "Gyarados": 1, "Mantyke": 1}, "offered": 3}, "coin_cut_recorded": [], "coin_full_prevention": [], "coin_own_side_split": [], "coin_plain_damage_by_attack": {}, "coin_plain_damage_chosen": [], "coin_queued_by_attack": {}, "coin_queued_offered": [], "coin_queued_offered_any": [], "fossil_item_lock": [], "guts_own_side_split": [], "luxury_coin_opp_stadium": [], "perish_plain_hit_chosen": [], "perish_plain_hit_offered": [], "trap_territory_offer_changed": [], "trap_territory_outcome_changed": [], "trap_territory_two_in_play": [], "vs_block_coin_built": [], "vs_block_coin_choice_offered": [], "vs_confused_choice_chosen": [], "vs_confused_choice_offered": [], "vs_confusion_first_built": [], "will_block_coin_attack": [], "will_confused_attack": []}	{"offgate_block_coin_attack": [], "offgate_by_attack": {"Wild Swing": [43, 67, 76]}, "offgate_confused_attack": [55, 65, 74, 93, 103, 110, 117], "offgate_discard_then_damage": [43, 67, 76], "offgate_fossil_offered": [], "offgate_guts_opponent_split": [], "offgate_helper_by_mechanic": {}, "offgate_helper_choice": [], "offgate_luxury_coin_offered": [], "offgate_plain_attack_damage": [43, 67, 76], "offgate_return_by_source": {"Rocky Helmet": [43]}, "offgate_trap_territory_one": [], "offgate_vs_ungated_built": []}
8b	km3	35	37	23100350037	decks/screen/panel_ladder_2026-09-26/l-sharpedo.txt	34c28791effe9036451cd4901f97d517052ffc48	rl/results/engine_switch_rules_2026-10/scratch_8b/meowth_carefree.txt	26815670db336f3d49c642d0ddaf2abf7c00bc64	d7f1a02e9ded4787	e897dee773b36b86	{"attack_return_weakness": [], "chase_order": {"discarded": 1, "names": {"Mega Sharpedo ex": 1}, "offered": 1}, "coin_cut_recorded": [], "coin_full_prevention": [56], "coin_own_side_split": [], "coin_plain_damage_by_attack": {}, "coin_plain_damage_chosen": [], "coin_queued_by_attack": {"Wild Swing": [56]}, "coin_queued_offered": [56], "coin_queued_offered_any": [56], "fossil_item_lock": [], "guts_own_side_split": [], "luxury_coin_opp_stadium": [], "perish_plain_hit_chosen": [], "perish_plain_hit_offered": [], "trap_territory_offer_changed": [], "trap_territory_outcome_changed": [], "trap_territory_two_in_play": [], "vs_block_coin_built": [], "vs_block_coin_choice_offered": [], "vs_confused_choice_chosen": [], "vs_confused_choice_offered": [], "vs_confusion_first_built": [], "will_block_coin_attack": [], "will_confused_attack": []}	{"offgate_block_coin_attack": [], "offgate_by_attack": {}, "offgate_confused_attack": [], "offgate_discard_then_damage": [], "offgate_fossil_offered": [], "offgate_guts_opponent_split": [], "offgate_helper_by_mechanic": {}, "offgate_helper_choice": [], "offgate_luxury_coin_offered": [], "offgate_plain_attack_damage": [], "offgate_return_by_source": {}, "offgate_trap_territory_one": [], "offgate_vs_ungated_built": []}
8b	km3	35	38	23100350038	decks/screen/panel_ladder_2026-09-26/l-sharpedo.txt	34c28791effe9036451cd4901f97d517052ffc48	rl/results/engine_switch_rules_2026-10/scratch_8b/meowth_carefree.txt	26815670db336f3d49c642d0ddaf2abf7c00bc64	16c3778b2e173f7b	bab8494d81fdf7de	{"attack_return_weakness": [], "chase_order": {"discarded": 2, "names": {"Carvanha": 1, "Chien-Pao ex": 1}, "offered": 2}, "coin_cut_recorded": [], "coin_full_prevention": [72, 87], "coin_own_side_split": [], "coin_plain_damage_by_attack": {}, "coin_plain_damage_chosen": [], "coin_queued_by_attack": {"Wild Swing": [72, 87]}, "coin_queued_offered": [72, 87], "coin_queued_offered_any": [72, 87], "fossil_item_lock": [], "guts_own_side_split": [], "luxury_coin_opp_stadium": [], "perish_plain_hit_chosen": [], "perish_plain_hit_offered": [], "trap_territory_offer_changed": [], "trap_territory_outcome_changed": [], "trap_territory_two_in_play": [], "vs_block_coin_built": [], "vs_block_coin_choice_offered": [], "vs_confused_choice_chosen": [], "vs_confused_choice_offered": [], "vs_confusion_first_built": [], "will_block_coin_attack": [], "will_confused_attack": []}	{"offgate_block_coin_attack": [], "offgate_by_attack": {}, "offgate_confused_attack": [48, 57], "offgate_discard_then_damage": [], "offgate_fossil_offered": [], "offgate_guts_opponent_split": [], "offgate_helper_by_mechanic": {}, "offgate_helper_choice": [], "offgate_luxury_coin_offered": [], "offgate_plain_attack_damage": [], "offgate_return_by_source": {}, "offgate_trap_territory_one": [], "offgate_vs_ungated_built": []}
8b	km3	37	0	23100370000	decks/brews/brew-09-sableye-obstagoon.txt	65162e7ff888197d97b9307be12ae0527d1ce668	decks/screen/opponents/t-altaria.txt	bde3ec8bead0c7292ec9879cf058e826195d42b0	31d7f491c48f76ed	623661e37bb21bf3	{"attack_return_weakness": [42], "coin_cut_recorded": [], "coin_full_prevention": [], "coin_own_side_split": [], "coin_plain_damage_by_attack": {}, "coin_plain_damage_chosen": [], "coin_queued_by_attack": {}, "coin_queued_offered": [], "coin_queued_offered_any": [], "fossil_item_lock": [], "guts_own_side_split": [], "luxury_coin_opp_stadium": [], "perish_plain_hit_chosen": [], "perish_plain_hit_offered": [], "trap_territory_offer_changed": [], "trap_territory_outcome_changed": [], "trap_territory_two_in_play": [], "vs_block_coin_built": [], "vs_block_coin_choice_offered": [], "vs_confused_choice_chosen": [], "vs_confused_choice_offered": [], "vs_confusion_first_built": [], "will_block_coin_attack": [], "will_confused_attack": []}	{"offgate_block_coin_attack": [], "offgate_by_attack": {}, "offgate_confused_attack": [], "offgate_discard_then_damage": [], "offgate_fossil_offered": [], "offgate_guts_opponent_split": [], "offgate_helper_by_mechanic": {}, "offgate_helper_choice": [], "offgate_luxury_coin_offered": [], "offgate_plain_attack_damage": [], "offgate_return_by_source": {}, "offgate_trap_territory_one": [], "offgate_vs_ungated_built": []}
8b	km3	37	15	23100370015	decks/brews/brew-09-sableye-obstagoon.txt	65162e7ff888197d97b9307be12ae0527d1ce668	decks/screen/opponents/t-altaria.txt	bde3ec8bead0c7292ec9879cf058e826195d42b0	f0640ff1f553361a	d87104db37ccf008	{"attack_return_weakness": [], "coin_cut_recorded": [], "coin_full_prevention": [], "coin_own_side_split": [], "coin_plain_damage_by_attack": {}, "coin_plain_damage_chosen": [], "coin_queued_by_attack": {}, "coin_queued_offered": [], "coin_queued_offered_any": [], "fossil_item_lock": [], "guts_own_side_split": [], "luxury_coin_opp_stadium": [], "perish_plain_hit_chosen": [], "perish_plain_hit_offered": [], "trap_territory_offer_changed": [], "trap_territory_outcome_changed": [], "trap_territory_two_in_play": [], "vs_block_coin_built": [], "vs_block_coin_choice_offered": [], "vs_confused_choice_chosen": [], "vs_confused_choice_offered": [], "vs_confusion_first_built": [], "will_block_coin_attack": [], "will_confused_attack": []}	{"offgate_block_coin_attack": [], "offgate_by_attack": {}, "offgate_confused_attack": [], "offgate_discard_then_damage": [], "offgate_fossil_offered": [], "offgate_guts_opponent_split": [], "offgate_helper_by_mechanic": {}, "offgate_helper_choice": [], "offgate_luxury_coin_offered": [], "offgate_plain_attack_damage": [], "offgate_return_by_source": {"attack": [61, 74]}, "offgate_trap_territory_one": [], "offgate_vs_ungated_built": []}
8b	k3	35	9	23100350009	decks/screen/panel_ladder_2026-09-26/l-sharpedo.txt	34c28791effe9036451cd4901f97d517052ffc48	rl/results/engine_switch_rules_2026-10/scratch_8b/meowth_carefree.txt	26815670db336f3d49c642d0ddaf2abf7c00bc64	a55a9fada048be49	528aac1b52429723	{"attack_return_weakness": [], "chase_order": {"discarded": 3, "names": {"Carvanha": 1, "Chien-Pao ex": 1, "Gyarados": 1, "Mantyke": 1}, "offered": 3}, "coin_cut_recorded": [], "coin_full_prevention": [46, 56], "coin_own_side_split": [], "coin_plain_damage_by_attack": {}, "coin_plain_damage_chosen": [], "coin_queued_by_attack": {"Wild Swing": [46]}, "coin_queued_offered": [46], "coin_queued_offered_any": [46], "fossil_item_lock": [], "guts_own_side_split": [], "luxury_coin_opp_stadium": [], "perish_plain_hit_chosen": [], "perish_plain_hit_offered": [], "trap_territory_offer_changed": [], "trap_territory_outcome_changed": [], "trap_territory_two_in_play": [], "vs_block_coin_built": [], "vs_block_coin_choice_offered": [], "vs_confused_choice_chosen": [], "vs_confused_choice_offered": [], "vs_confusion_first_built": [], "will_block_coin_attack": [], "will_confused_attack": []}	{"offgate_block_coin_attack": [], "offgate_by_attack": {"Wild Swing": [32, 75]}, "offgate_confused_attack": [88], "offgate_discard_then_damage": [32, 75], "offgate_fossil_offered": [], "offgate_guts_opponent_split": [], "offgate_helper_by_mechanic": {}, "offgate_helper_choice": [], "offgate_luxury_coin_offered": [], "offgate_plain_attack_damage": [32, 75], "offgate_return_by_source": {"Rocky Helmet": [32]}, "offgate_trap_territory_one": [], "offgate_vs_ungated_built": []}
8b	k3	35	10	23100350010	decks/screen/panel_ladder_2026-09-26/l-sharpedo.txt	34c28791effe9036451cd4901f97d517052ffc48	rl/results/engine_switch_rules_2026-10/scratch_8b/meowth_carefree.txt	26815670db336f3d49c642d0ddaf2abf7c00bc64	6f771557b94f370d	d0b570c6cf5f2cc4	{"attack_return_weakness": [], "chase_order": {"discarded": 6, "names": {"Carvanha": 1, "Chien-Pao ex": 1, "Magikarp": 1, "Mantyke": 2, "Mega Sharpedo ex": 1}, "offered": 6}, "coin_cut_recorded": [], "coin_full_prevention": [16, 28, 43], "coin_own_side_split": [], "coin_plain_damage_by_attack": {}, "coin_plain_damage_chosen": [], "coin_queued_by_attack": {"Wild Swing": [43]}, "coin_queued_offered": [43], "coin_queued_offered_any": [43], "fossil_item_lock": [], "guts_own_side_split": [], "luxury_coin_opp_stadium": [], "perish_plain_hit_chosen": [], "perish_plain_hit_offered": [], "trap_territory_offer_changed": [], "trap_territory_outcome_changed": [], "trap_territory_two_in_play": [], "vs_block_coin_built": [], "vs_block_coin_choice_offered": [], "vs_confused_choice_chosen": [], "vs_confused_choice_offered": [], "vs_confusion_first_built": [], "will_block_coin_attack": [], "will_confused_attack": []}	{"offgate_block_coin_attack": [], "offgate_by_attack": {"Wild Swing": [53, 67, 90, 109, 120]}, "offgate_confused_attack": [80, 88, 100, 107, 118], "offgate_discard_then_damage": [53, 67, 90, 109, 120], "offgate_fossil_offered": [], "offgate_guts_opponent_split": [], "offgate_helper_by_mechanic": {}, "offgate_helper_choice": [], "offgate_luxury_coin_offered": [], "offgate_plain_attack_damage": [53, 67, 90, 109, 120], "offgate_return_by_source": {"Rocky Helmet": [120]}, "offgate_trap_territory_one": [], "offgate_vs_ungated_built": []}
8b	k3	35	13	23100350013	decks/screen/panel_ladder_2026-09-26/l-sharpedo.txt	34c28791effe9036451cd4901f97d517052ffc48	rl/results/engine_switch_rules_2026-10/scratch_8b/meowth_carefree.txt	26815670db336f3d49c642d0ddaf2abf7c00bc64	217e7d29f4a0997f	caab41a9ba11eaea	{"attack_return_weakness": [], "chase_order": {"discarded": 3, "names": {"Carvanha": 1, "Chien-Pao ex": 1, "Magikarp": 1, "Mantyke": 1, "Mega Sharpedo ex": 1}, "offered": 3}, "coin_cut_recorded": [], "coin_full_prevention": [62], "coin_own_side_split": [], "coin_plain_damage_by_attack": {}, "coin_plain_damage_chosen": [], "coin_queued_by_attack": {"Diving Icicles": [45], "Wild Swing": [62]}, "coin_queued_offered": [45, 62], "coin_queued_offered_any": [45, 62], "discard_attacks": {"Diving Icicles": [1, 0, 0, 0]}, "fossil_item_lock": [], "guts_own_side_split": [], "luxury_coin_opp_stadium": [], "perish_plain_hit_chosen": [], "perish_plain_hit_offered": [], "trap_territory_offer_changed": [], "trap_territory_outcome_changed": [], "trap_territory_two_in_play": [], "vs_block_coin_built": [], "vs_block_coin_choice_offered": [], "vs_confused_choice_chosen": [], "vs_confused_choice_offered": [], "vs_confusion_first_built": [], "will_block_coin_attack": [], "will_confused_attack": []}	{"offgate_block_coin_attack": [], "offgate_by_attack": {"Diving Icicles": [45], "Wild Swing": [75, 89]}, "offgate_confused_attack": [87], "offgate_discard_then_damage": [75, 89], "offgate_fossil_offered": [], "offgate_guts_opponent_split": [], "offgate_helper_by_mechanic": {"SelfDiscardAllTypeEnergyAndDamageAnyOpponentPokemon": [45]}, "offgate_helper_choice": [45], "offgate_luxury_coin_offered": [], "offgate_plain_attack_damage": [45, 75, 89], "offgate_return_by_source": {"Rocky Helmet": [75]}, "offgate_trap_territory_one": [], "offgate_vs_ungated_built": []}
8b	k3	35	14	23100350014	decks/screen/panel_ladder_2026-09-26/l-sharpedo.txt	34c28791effe9036451cd4901f97d517052ffc48	rl/results/engine_switch_rules_2026-10/scratch_8b/meowth_carefree.txt	26815670db336f3d49c642d0ddaf2abf7c00bc64	2869123eb25164fa	edd05789b5796fab	{"attack_return_weakness": [], "chase_order": {"discarded": 2, "names": {"Magikarp": 1, "Mantyke": 1, "Mega Sharpedo ex": 1}, "offered": 2}, "coin_cut_recorded": [], "coin_full_prevention": [45], "coin_own_side_split": [], "coin_plain_damage_by_attack": {}, "coin_plain_damage_chosen": [], "coin_queued_by_attack": {"Wild Swing": [45]}, "coin_queued_offered": [45], "coin_queued_offered_any": [45], "fossil_item_lock": [], "guts_own_side_split": [], "luxury_coin_opp_stadium": [], "perish_plain_hit_chosen": [], "perish_plain_hit_offered": [], "trap_territory_offer_changed": [], "trap_territory_outcome_changed": [], "trap_territory_two_in_play": [], "vs_block_coin_built": [], "vs_block_coin_choice_offered": [], "vs_confused_choice_chosen": [], "vs_confused_choice_offered": [], "vs_confusion_first_built": [], "will_block_coin_attack": [], "will_confused_attack": []}	{"offgate_block_coin_attack": [], "offgate_by_attack": {"Wild Swing": [56]}, "offgate_confused_attack": [54], "offgate_discard_then_damage": [56], "offgate_fossil_offered": [], "offgate_guts_opponent_split": [], "offgate_helper_by_mechanic": {}, "offgate_helper_choice": [], "offgate_luxury_coin_offered": [], "offgate_plain_attack_damage": [56], "offgate_return_by_source": {"Rocky Helmet": [28]}, "offgate_trap_territory_one": [], "offgate_vs_ungated_built": []}
8b	k3	35	19	23100350019	decks/screen/panel_ladder_2026-09-26/l-sharpedo.txt	34c28791effe9036451cd4901f97d517052ffc48	rl/results/engine_switch_rules_2026-10/scratch_8b/meowth_carefree.txt	26815670db336f3d49c642d0ddaf2abf7c00bc64	64e422f5fc12e771	c3029b5d2e34fa5a	{"attack_return_weakness": [], "chase_order": {"discarded": 2, "names": {"Chien-Pao ex": 1, "Mantyke": 1, "Mega Sharpedo ex": 1}, "offered": 2}, "coin_cut_recorded": [], "coin_full_prevention": [40], "coin_own_side_split": [], "coin_plain_damage_by_attack": {}, "coin_plain_damage_chosen": [], "coin_queued_by_attack": {"Wild Swing": [40]}, "coin_queued_offered": [40], "coin_queued_offered_any": [40], "fossil_item_lock": [], "guts_own_side_split": [], "luxury_coin_opp_stadium": [], "perish_plain_hit_chosen": [], "perish_plain_hit_offered": [], "trap_territory_offer_changed": [], "trap_territory_outcome_changed": [], "trap_territory_two_in_play": [], "vs_block_coin_built": [], "vs_block_coin_choice_offered": [], "vs_confused_choice_chosen": [], "vs_confused_choice_offered": [], "vs_confusion_first_built": [], "will_block_coin_attack": [], "will_confused_attack": []}	{"offgate_block_coin_attack": [], "offgate_by_attack": {"Wild Swing": [52]}, "offgate_confused_attack": [], "offgate_discard_then_damage": [52], "offgate_fossil_offered": [], "offgate_guts_opponent_split": [], "offgate_helper_by_mechanic": {}, "offgate_helper_choice": [], "offgate_luxury_coin_offered": [], "offgate_plain_attack_damage": [52], "offgate_return_by_source": {"Rocky Helmet": [40]}, "offgate_trap_territory_one": [], "offgate_vs_ungated_built": []}
8b	k3	35	26	23100350026	decks/screen/panel_ladder_2026-09-26/l-sharpedo.txt	34c28791effe9036451cd4901f97d517052ffc48	rl/results/engine_switch_rules_2026-10/scratch_8b/meowth_carefree.txt	26815670db336f3d49c642d0ddaf2abf7c00bc64	11e2072e1f472dcb	a45c90187ede40d3	{"attack_return_weakness": [], "chase_order": {"discarded": 2, "names": {"Mantyke": 2, "Mega Sharpedo ex": 1}, "offered": 2}, "coin_cut_recorded": [], "coin_full_prevention": [45], "coin_own_side_split": [], "coin_plain_damage_by_attack": {}, "coin_plain_damage_chosen": [], "coin_queued_by_attack": {"Wild Swing": [45]}, "coin_queued_offered": [45], "coin_queued_offered_any": [45], "fossil_item_lock": [], "guts_own_side_split": [], "luxury_coin_opp_stadium": [], "perish_plain_hit_chosen": [], "perish_plain_hit_offered": [], "trap_territory_offer_changed": [], "trap_territory_outcome_changed": [], "trap_territory_two_in_play": [], "vs_block_coin_built": [], "vs_block_coin_choice_offered": [], "vs_confused_choice_chosen": [], "vs_confused_choice_offered": [], "vs_confusion_first_built": [], "will_block_coin_attack": [], "will_confused_attack": []}	{"offgate_block_coin_attack": [], "offgate_by_attack": {"Wild Swing": [59]}, "offgate_confused_attack": [], "offgate_discard_then_damage": [59], "offgate_fossil_offered": [], "offgate_guts_opponent_split": [], "offgate_helper_by_mechanic": {}, "offgate_helper_choice": [], "offgate_luxury_coin_offered": [], "offgate_plain_attack_damage": [59], "offgate_return_by_source": {}, "offgate_trap_territory_one": [], "offgate_vs_ungated_built": []}
8b	k3	35	30	23100350030	decks/screen/panel_ladder_2026-09-26/l-sharpedo.txt	34c28791effe9036451cd4901f97d517052ffc48	rl/results/engine_switch_rules_2026-10/scratch_8b/meowth_carefree.txt	26815670db336f3d49c642d0ddaf2abf7c00bc64	5774ffb99cc6865f	bcee6fb5df2fa2ca	{"attack_return_weakness": [], "chase_order": {"discarded": 4, "names": {"Carvanha": 1, "Chien-Pao ex": 1, "Magikarp": 1, "Mantyke": 2, "Mega Sharpedo ex": 1}, "offered": 4}, "coin_cut_recorded": [], "coin_full_prevention": [27, 42], "coin_own_side_split": [], "coin_plain_damage_by_attack": {}, "coin_plain_damage_chosen": [], "coin_queued_by_attack": {"Wild Swing": [42]}, "coin_queued_offered": [42], "coin_queued_offered_any": [42], "fossil_item_lock": [], "guts_own_side_split": [], "luxury_coin_opp_stadium": [], "perish_plain_hit_chosen": [], "perish_plain_hit_offered": [], "trap_territory_offer_changed": [], "trap_territory_outcome_changed": [], "trap_territory_two_in_play": [], "vs_block_coin_built": [], "vs_block_coin_choice_offered": [], "vs_confused_choice_chosen": [], "vs_confused_choice_offered": [], "vs_confusion_first_built": [], "will_block_coin_attack": [], "will_confused_attack": []}	{"offgate_block_coin_attack": [], "offgate_by_attack": {"Wild Swing": [53, 68, 91]}, "offgate_confused_attack": [66, 79, 89], "offgate_discard_then_damage": [53, 68, 91], "offgate_fossil_offered": [], "offgate_guts_opponent_split": [], "offgate_helper_by_mechanic": {}, "offgate_helper_choice": [], "offgate_luxury_coin_offered": [], "offgate_plain_attack_damage": [53, 68, 91], "offgate_return_by_source": {"Rocky Helmet": [91]}, "offgate_trap_territory_one": [], "offgate_vs_ungated_built": []}
8b	k3	37	0	23100370000	decks/brews/brew-09-sableye-obstagoon.txt	65162e7ff888197d97b9307be12ae0527d1ce668	decks/screen/opponents/t-altaria.txt	bde3ec8bead0c7292ec9879cf058e826195d42b0	ff7ed8c106d5b004	7d5d41b1a92948d6	{"attack_return_weakness": [42], "coin_cut_recorded": [], "coin_full_prevention": [], "coin_own_side_split": [], "coin_plain_damage_by_attack": {}, "coin_plain_damage_chosen": [], "coin_queued_by_attack": {}, "coin_queued_offered": [], "coin_queued_offered_any": [], "fossil_item_lock": [], "guts_own_side_split": [], "luxury_coin_opp_stadium": [], "perish_plain_hit_chosen": [], "perish_plain_hit_offered": [], "trap_territory_offer_changed": [], "trap_territory_outcome_changed": [], "trap_territory_two_in_play": [], "vs_block_coin_built": [], "vs_block_coin_choice_offered": [], "vs_confused_choice_chosen": [], "vs_confused_choice_offered": [], "vs_confusion_first_built": [], "will_block_coin_attack": [], "will_confused_attack": []}	{"offgate_block_coin_attack": [], "offgate_by_attack": {}, "offgate_confused_attack": [], "offgate_discard_then_damage": [], "offgate_fossil_offered": [], "offgate_guts_opponent_split": [], "offgate_helper_by_mechanic": {}, "offgate_helper_choice": [], "offgate_luxury_coin_offered": [], "offgate_plain_attack_damage": [], "offgate_return_by_source": {}, "offgate_trap_territory_one": [], "offgate_vs_ungated_built": []}
8b	k3	37	23	23100370023	decks/brews/brew-09-sableye-obstagoon.txt	65162e7ff888197d97b9307be12ae0527d1ce668	decks/screen/opponents/t-altaria.txt	bde3ec8bead0c7292ec9879cf058e826195d42b0	d7938df2c66c5d28	e6065e8114cb2219	{"attack_return_weakness": [92, 106], "coin_cut_recorded": [], "coin_full_prevention": [], "coin_own_side_split": [], "coin_plain_damage_by_attack": {}, "coin_plain_damage_chosen": [], "coin_queued_by_attack": {}, "coin_queued_offered": [], "coin_queued_offered_any": [], "fossil_item_lock": [], "guts_own_side_split": [], "luxury_coin_opp_stadium": [], "perish_plain_hit_chosen": [], "perish_plain_hit_offered": [], "trap_territory_offer_changed": [], "trap_territory_outcome_changed": [], "trap_territory_two_in_play": [], "vs_block_coin_built": [], "vs_block_coin_choice_offered": [], "vs_confused_choice_chosen": [], "vs_confused_choice_offered": [], "vs_confusion_first_built": [], "will_block_coin_attack": [], "will_confused_attack": []}	{"offgate_block_coin_attack": [], "offgate_by_attack": {}, "offgate_confused_attack": [], "offgate_discard_then_damage": [], "offgate_fossil_offered": [], "offgate_guts_opponent_split": [], "offgate_helper_by_mechanic": {}, "offgate_helper_choice": [], "offgate_luxury_coin_offered": [], "offgate_plain_attack_damage": [], "offgate_return_by_source": {"attack": [79]}, "offgate_trap_territory_one": [], "offgate_vs_ungated_built": []}
8b	k3	37	25	23100370025	decks/brews/brew-09-sableye-obstagoon.txt	65162e7ff888197d97b9307be12ae0527d1ce668	decks/screen/opponents/t-altaria.txt	bde3ec8bead0c7292ec9879cf058e826195d42b0	2680876beac57ef6	666d9ecc231803a5	{"attack_return_weakness": [33], "coin_cut_recorded": [], "coin_full_prevention": [], "coin_own_side_split": [], "coin_plain_damage_by_attack": {}, "coin_plain_damage_chosen": [], "coin_queued_by_attack": {}, "coin_queued_offered": [], "coin_queued_offered_any": [], "fossil_item_lock": [], "guts_own_side_split": [], "luxury_coin_opp_stadium": [], "perish_plain_hit_chosen": [], "perish_plain_hit_offered": [], "trap_territory_offer_changed": [], "trap_territory_outcome_changed": [], "trap_territory_two_in_play": [], "vs_block_coin_built": [], "vs_block_coin_choice_offered": [], "vs_confused_choice_chosen": [], "vs_confused_choice_offered": [], "vs_confusion_first_built": [], "will_block_coin_attack": [], "will_confused_attack": []}	{"offgate_block_coin_attack": [], "offgate_by_attack": {}, "offgate_confused_attack": [], "offgate_discard_then_damage": [], "offgate_fossil_offered": [], "offgate_guts_opponent_split": [], "offgate_helper_by_mechanic": {}, "offgate_helper_choice": [], "offgate_luxury_coin_offered": [], "offgate_plain_attack_damage": [], "offgate_return_by_source": {"attack": [54]}, "offgate_trap_territory_one": [], "offgate_vs_ungated_built": []}
8b	k3	37	34	23100370034	decks/brews/brew-09-sableye-obstagoon.txt	65162e7ff888197d97b9307be12ae0527d1ce668	decks/screen/opponents/t-altaria.txt	bde3ec8bead0c7292ec9879cf058e826195d42b0	ae9d6b98e509c871	d6fe2f51b3ee783e	{"attack_return_weakness": [54], "coin_cut_recorded": [], "coin_full_prevention": [], "coin_own_side_split": [], "coin_plain_damage_by_attack": {}, "coin_plain_damage_chosen": [], "coin_queued_by_attack": {}, "coin_queued_offered": [], "coin_queued_offered_any": [], "fossil_item_lock": [], "guts_own_side_split": [], "luxury_coin_opp_stadium": [], "perish_plain_hit_chosen": [], "perish_plain_hit_offered": [], "trap_territory_offer_changed": [], "trap_territory_outcome_changed": [], "trap_territory_two_in_play": [], "vs_block_coin_built": [], "vs_block_coin_choice_offered": [], "vs_confused_choice_chosen": [], "vs_confused_choice_offered": [], "vs_confusion_first_built": [], "will_block_coin_attack": [], "will_confused_attack": []}	{"offgate_block_coin_attack": [], "offgate_by_attack": {}, "offgate_confused_attack": [], "offgate_discard_then_damage": [], "offgate_fossil_offered": [], "offgate_guts_opponent_split": [], "offgate_helper_by_mechanic": {}, "offgate_helper_choice": [], "offgate_luxury_coin_offered": [], "offgate_plain_attack_damage": [], "offgate_return_by_source": {}, "offgate_trap_territory_one": [], "offgate_vs_ungated_built": []}
8b	k3	37	35	23100370035	decks/brews/brew-09-sableye-obstagoon.txt	65162e7ff888197d97b9307be12ae0527d1ce668	decks/screen/opponents/t-altaria.txt	bde3ec8bead0c7292ec9879cf058e826195d42b0	734de27db9ecb20a	d0d822c6f5ee1693	{"attack_return_weakness": [], "coin_cut_recorded": [], "coin_full_prevention": [], "coin_own_side_split": [], "coin_plain_damage_by_attack": {}, "coin_plain_damage_chosen": [], "coin_queued_by_attack": {}, "coin_queued_offered": [], "coin_queued_offered_any": [], "fossil_item_lock": [], "guts_own_side_split": [], "luxury_coin_opp_stadium": [], "perish_plain_hit_chosen": [], "perish_plain_hit_offered": [], "trap_territory_offer_changed": [], "trap_territory_outcome_changed": [], "trap_territory_two_in_play": [], "vs_block_coin_built": [], "vs_block_coin_choice_offered": [], "vs_confused_choice_chosen": [], "vs_confused_choice_offered": [], "vs_confusion_first_built": [], "will_block_coin_attack": [], "will_confused_attack": []}	{"offgate_block_coin_attack": [], "offgate_by_attack": {}, "offgate_confused_attack": [], "offgate_discard_then_damage": [], "offgate_fossil_offered": [], "offgate_guts_opponent_split": [], "offgate_helper_by_mechanic": {}, "offgate_helper_choice": [], "offgate_luxury_coin_offered": [], "offgate_plain_attack_damage": [], "offgate_return_by_source": {}, "offgate_trap_territory_one": [], "offgate_vs_ungated_built": []}
