feature	min	max	mean	sd	nonzero_share	distinct	mode_share
turn	0	27	5.399	3.439	0.9675	28	0.1225
went_first	0	1	0.5043	0.5	0.5043	2	0.5043
setup	0	1	0.0325	0.1773	0.0325	2	0.9675
my_points	0	2	0.3121	0.6154	0.2301	3	0.7699
my_pokemon_value	0	2300	406.6	271.7	0.9855	213	0.0257
my_hand_size	0	10	3.399	1.487	0.9824	11	0.2427
my_deck_size	0	17	8.667	3.831	0.9715	18	0.1036
my_active_retreat_cost	0	4	1.301	0.7957	0.8881	5	0.5507
my_online_pokemon_count	0	4	0.687	0.7515	0.5316	5	0.4684
my_energy_distance_to_online	0	14	3.066	2.062	0.9229	15	0.1991
my_active_online_score	0	1	0.5367	0.4513	0.6357	7	0.4417
my_active_safety	0	170	62.54	32.17	0.9518	44	0.1437
my_active_has_tool	0	1	0.2329	0.4227	0.2329	2	0.7671
my_is_winner	0	0	0	0	0.0000	1	1.0000
my_turns_until_opponent_wins	0	50	6.111	5.485	0.9675	50	0.1330
my_discard_size	0	19	3.845	2.923	0.8940	20	0.1535
my_fuel_credit	0	60	1.801	8.56	0.0568	5	0.9432
opp_points	0	2	0.4506	0.7206	0.3147	3	0.6853
opp_pokemon_value	0	2420	452.7	293	0.9675	208	0.0325
opp_hand_size	0	10	2.861	1.47	0.9381	11	0.2704
opp_deck_size	0	17	8.787	4.154	0.9421	18	0.1113
opp_active_retreat_cost	0	4	1.314	0.7839	0.9030	5	0.5693
opp_online_pokemon_count	0	4	0.8169	0.7892	0.6093	5	0.4288
opp_energy_distance_to_online	0	14	2.931	2.029	0.8947	15	0.1948
opp_active_online_score	0	1	0.6364	0.4422	0.7123	7	0.5597
opp_active_safety	0	170	66.67	31.37	0.9667	44	0.1597
opp_active_has_tool	0	1	0.3099	0.4624	0.3099	2	0.6901
opp_is_winner	0	0	0	0	0.0000	1	1.0000
opp_turns_until_opponent_wins	0	51	6.779	5.681	0.9673	50	0.1328
opp_discard_size	0	19	3.49	2.86	0.8500	20	0.1615
opp_fuel_credit	0	60	0.3407	3.964	0.0092	5	0.9908
opening_term	0	250	0.2537	7.959	0.0010	2	0.9990
my_clock_lead	0	30	0.6616	2.501	0.3742	6	0.6258
my_clock_active_hp	0	240	89.48	53.62	0.9272	25	0.0948
my_clock_first_hit	0	260	55.2	39.74	0.9264	25	0.1762
my_clock_later_hit	0	260	55.2	39.74	0.9264	25	0.1762
my_clock_rest	0	36	2.661	3.505	0.6317	37	0.3683
my_clock_threat_slot	-1	3	0.4532	1.003	0.1975	5	0.8025
opp_clock_lead	0	30	0.6706	1.783	0.4522	7	0.5478
opp_clock_active_hp	0	240	95.94	51.25	0.9637	25	0.1068
opp_clock_first_hit	0	260	56.09	38.77	0.9628	25	0.1771
opp_clock_later_hit	0	260	56.17	38.77	0.9636	25	0.1774
opp_clock_rest	0	36	3.018	3.809	0.6808	37	0.3192
opp_clock_threat_slot	-1	3	0.5201	1.04	0.2260	5	0.7740
km_value	-26291.6	25941.1	-1551	8428	0.9998	1000+	0.0000
my_bench1_present	0	1	0.3866	0.487	0.3866	2	0.6134
my_bench1_hp	0	210	36.85	54.37	0.3866	22	0.6134
my_bench1_energy	0	6	0.07843	0.347	0.0587	7	0.9413
my_bench1_missing_cheapest	-1	4	-0.06673	1.303	0.9612	6	0.6134
my_bench1_missing_priciest	-1	4	-0.01695	1.372	0.9662	6	0.6134
my_bench1_has_evolution	0	1	0.1316	0.338	0.1316	2	0.8684
my_bench1_evo_missing_cheapest	-1	4	-0.5908	1.086	0.9994	6	0.8684
my_bench1_evo_missing_priciest	-1	4	-0.5908	1.086	0.9994	6	0.8684
my_bench1_best_damage	0	130	22.33	36.02	0.3650	14	0.6350
my_bench2_present	0	1	0.6189	0.4856	0.6189	2	0.6189
my_bench2_hp	0	240	57.39	57.7	0.6189	23	0.3811
my_bench2_energy	0	7	0.1412	0.4476	0.1086	8	0.8914
my_bench2_missing_cheapest	-1	4	0.4422	1.316	0.9310	6	0.3811
my_bench2_missing_priciest	-1	4	0.5092	1.383	0.9375	6	0.3811
my_bench2_has_evolution	0	1	0.2385	0.4262	0.2385	2	0.7615
my_bench2_evo_missing_cheapest	-1	4	-0.2796	1.341	0.9968	6	0.7615
my_bench2_evo_missing_priciest	-1	4	-0.2796	1.341	0.9968	6	0.7615
my_bench2_best_damage	0	130	36.95	40.98	0.5823	14	0.4177
my_bench3_present	0	1	0.7703	0.4207	0.7703	2	0.7703
my_bench3_hp	0	240	71.11	56.62	0.7703	25	0.2297
my_bench3_energy	0	7	0.2074	0.5367	0.1577	8	0.8423
my_bench3_missing_cheapest	-1	4	0.766	1.22	0.8981	6	0.4313
my_bench3_missing_priciest	-1	4	0.8416	1.28	0.9059	6	0.4019
my_bench3_has_evolution	0	1	0.2885	0.4531	0.2885	2	0.7115
my_bench3_evo_missing_cheapest	-1	4	-0.1391	1.414	0.9943	6	0.7115
my_bench3_evo_missing_priciest	-1	4	-0.1391	1.414	0.9943	6	0.7115
my_bench3_best_damage	0	130	46.02	40.52	0.7296	14	0.2704
my_bench_count	0	3	1.776	1.041	0.8538	4	0.3090
my_bench_energy_total	0	15	0.427	0.8103	0.2845	14	0.7155
my_bench_min_missing	-1	4	0.6586	0.9249	0.8140	6	0.5607
my_bench_ready	0	3	0.1911	0.4414	0.1719	4	0.8281
my_bench_attacker_energy	0	7	0.2315	0.5653	0.1741	8	0.8259
my_bench_attacker_missing	-1	4	1.623	1.426	0.9586	6	0.3026
my_bench_attacker_damage	0	130	66.72	41.34	0.8418	14	0.1582
my_active_energy	0	9	0.9777	1.033	0.5990	10	0.4010
my_active_missing_cheapest	-1	4	0.652	0.9602	0.5228	6	0.4772
my_active_missing_priciest	-1	4	0.806	1.045	0.5795	6	0.4205
my_active_has_evolution	0	1	0.2107	0.4078	0.2107	2	0.7893
my_active_evo_missing_cheapest	-1	4	-0.4268	1.196	0.9763	6	0.7893
my_active_evo_missing_priciest	-1	4	-0.4268	1.196	0.9763	6	0.7893
my_active_best_damage	0	130	62.07	39.45	0.9150	14	0.1126
my_active_hp	0	240	91.81	52.18	0.9518	25	0.0983
my_active_can_attack_turn0	0	1	0.6283	0.4833	0.6283	2	0.6283
my_active_can_attack_turn1	0	1	0.8072	0.3945	0.8072	2	0.8072
my_active_points_at_risk	0	3	1.478	0.7786	0.9518	4	0.5561
my_active_ko_ends_game	0	1	0.2426	0.4286	0.2426	2	0.7574
my_attach_now	0	1	0.5258	0.4993	0.5258	2	0.5258
opp_bench1_present	0	1	0.4066	0.4912	0.4066	2	0.5934
opp_bench1_hp	0	210	39.22	55.67	0.4066	22	0.5934
opp_bench1_energy	0	6	0.09552	0.3803	0.0718	7	0.9282
opp_bench1_missing_cheapest	-1	4	-0.03116	1.303	0.9549	6	0.5934
opp_bench1_missing_priciest	-1	4	0.01844	1.369	0.9607	6	0.5934
opp_bench1_has_evolution	0	1	0.1439	0.351	0.1439	2	0.8561
opp_bench1_evo_missing_cheapest	-1	4	-0.5784	1.079	0.9972	6	0.8561
opp_bench1_evo_missing_priciest	-1	4	-0.5723	1.09	0.9982	6	0.8561
opp_bench1_best_damage	0	180	26.57	41.68	0.3879	15	0.6121
opp_bench2_present	0	1	0.6449	0.4785	0.6449	2	0.6449
opp_bench2_hp	0	240	60.35	58.05	0.6449	23	0.3551
opp_bench2_energy	0	7	0.1768	0.4946	0.1361	8	0.8639
opp_bench2_missing_cheapest	-1	4	0.4668	1.281	0.9151	6	0.3722
opp_bench2_missing_priciest	-1	4	0.5328	1.346	0.9227	6	0.3551
opp_bench2_has_evolution	0	1	0.2613	0.4393	0.2613	2	0.7387
opp_bench2_evo_missing_cheapest	-1	4	-0.265	1.316	0.9888	6	0.7387
opp_bench2_evo_missing_priciest	-1	4	-0.2501	1.334	0.9914	6	0.7387
opp_bench2_best_damage	0	180	43.35	46.84	0.6109	15	0.3891
opp_bench3_present	0	1	0.7958	0.4031	0.7958	2	0.7958
opp_bench3_hp	0	240	74.17	56.26	0.7958	25	0.2042
opp_bench3_energy	0	7	0.2654	0.5922	0.2022	7	0.7978
opp_bench3_missing_cheapest	-1	4	0.7619	1.161	0.8727	6	0.4475
opp_bench3_missing_priciest	-1	4	0.8356	1.22	0.8819	6	0.4206
opp_bench3_has_evolution	0	1	0.3202	0.4666	0.3202	2	0.6798
opp_bench3_evo_missing_cheapest	-1	4	-0.1073	1.398	0.9803	6	0.6798
opp_bench3_evo_missing_priciest	-1	4	-0.08834	1.417	0.9840	6	0.6798
opp_bench3_best_damage	0	180	53.9	46.79	0.7574	15	0.2426
opp_bench_count	0	3	1.847	1.061	0.8550	4	0.3529
opp_bench_energy_total	0	11	0.5377	0.8826	0.3558	11	0.6442
opp_bench_min_missing	-1	4	0.585	0.881	0.7735	6	0.5468
opp_bench_ready	0	3	0.2321	0.4814	0.2066	4	0.7934
opp_bench_attacker_energy	0	7	0.2828	0.6168	0.2114	8	0.7886
opp_bench_attacker_missing	-1	4	1.68	1.449	0.9501	6	0.3712
opp_bench_attacker_damage	0	180	77.26	47.51	0.8445	15	0.1555
opp_active_energy	0	9	1.101	1.045	0.6709	10	0.3769
opp_active_missing_cheapest	-1	4	0.5485	0.8739	0.4403	6	0.5597
opp_active_missing_priciest	-1	4	0.6902	0.9691	0.4957	6	0.5043
opp_active_has_evolution	0	1	0.2309	0.4214	0.2309	2	0.7691
opp_active_evo_missing_cheapest	-1	4	-0.4284	1.151	0.9562	6	0.7691
opp_active_evo_missing_priciest	-1	4	-0.4182	1.165	0.9601	6	0.7691
opp_active_best_damage	0	180	66.28	41.93	0.9292	15	0.1059
opp_active_hp	0	240	96.2	51.04	0.9667	25	0.1075
opp_active_can_attack_turn0	0	1	0.7758	0.417	0.7758	2	0.7758
opp_active_can_attack_turn1	0	1	0.8567	0.3503	0.8567	2	0.8567
opp_active_points_at_risk	0	3	1.469	0.7461	0.9675	4	0.5874
opp_active_ko_ends_game	0	1	0.1962	0.3971	0.1962	2	0.8038
opp_attach_now	0	1	0.003372	0.05797	0.0034	2	0.9966
