key	file	class	why
t-altaria	decks/screen/opponents/t-altaria.txt	panel	the panel (Mega Altaria ex and Espeon, Stage 1 at 1-2 Energy; middle speed)
t-blaziken	decks/screen/opponents/t-blaziken.txt	panel	the panel (Mega Blaziken ex, Stage 2 at 2 Energy)
t-hydreigon	decks/screen/opponents/t-hydreigon.txt	panel	the panel (Hydreigon, Stage 2 at 3 Energy; slow)
t-lucario	decks/screen/opponents/t-lucario.txt	panel	the panel (Mega Lucario ex, Stage 1 at 2 Energy; fast)
t-sceptile	decks/screen/opponents/t-sceptile.txt	panel	the panel (Butterfree and Mega Sceptile ex, Stage 2; slow)
t-suicune	decks/screen/opponents/t-suicune.txt	panel	the panel (Baxcalibur, Stage 2 at 3 Energy, and Suicune ex; slow)
t-vespiquen	decks/screen/opponents/t-vespiquen.txt	panel	the panel (Vespiquen ex, Stage 1 at 2 Energy, Combee 1 Energy for 30; fast)
t-weezing	decks/screen/opponents/t-weezing.txt	panel	the panel (Hoopa ex and Darkrai ex Basics at 3 Energy, Team Rocket's Weezing ex)
04-absol-hoopa-darkrai	decks/dustin/04-absol-hoopa-darkrai.txt	early	Basic attackers only (Hoopa ex 100, Darkrai ex 80, Absol 1 Energy): nothing to evolve, attacks from its second or third turn
09-mega-manectric-heliolisk	decks/dustin/09-mega-manectric-heliolisk.txt	early	two Stage 1 lines at 1-2 Energy (Heliolisk 1 Energy for 40, Mega Manectric ex 2 for 80)
brew-02-arceus-tandemaus-persian	decks/brews/brew-02-arceus-tandemaus-persian.txt	early	Maushold (Stage 1, 1 Energy for 60) and Team Rocket's Meowth (Basic, 1 for 30)
brew-09-sableye-obstagoon	decks/brews/brew-09-sableye-obstagoon.txt	early	Mega Sableye ex, a Basic at 2 Energy for 80, in front; Galarian Obstagoon later
08-garchomp-toolbox	decks/dustin/08-garchomp-toolbox.txt	slow	Garchomp, Stage 2 at 3 Energy, through a Gabite that does no damage
11-archaludon-haxorus-dragonair	decks/dustin/11-archaludon-haxorus-dragonair.txt	slow	Haxorus (Stage 2, 3 Energy) and Archaludon (4 Energy)
brew-10-diancie-giratina	decks/brews/brew-10-diancie-giratina.txt	slow	Giratina ex, a Basic at 4 Energy for 130; Mega Diancie ex at 3 Energy
01-muk-glimmora-kingambit-regigigas	decks/dustin/01-muk-glimmora-kingambit-regigigas.txt	slow	Kingambit (Stage 2), Alolan Muk and Regigigas at 3 Energy
