step	bot	pairing	i	seed	k	turn	verdict	strict	probe
8b	k3	35	10	23100350010	40	6	LOOKAHEAD ONLY, both halves hold	LOOKAHEAD ONLY, both halves hold	{"cut": null, "free": true, "queued": 3, "queued_attacks": ["Wild Swing"], "r2": {"guts": null, "own": null, "perish": null, "plain": null, "trap": null, "vs": null, "will": null}, "ret": null, "tick": 40, "trapleaf": null}
8b	k3	35	13	23100350013	59	8	LOOKAHEAD ONLY, both halves hold	LOOKAHEAD ONLY, both halves hold	{"cut": null, "free": true, "queued": 3, "queued_attacks": ["Wild Swing"], "r2": {"guts": null, "own": null, "perish": null, "plain": null, "trap": null, "vs": null, "will": null}, "ret": null, "tick": 59, "trapleaf": null}
8b	k3	35	14	23100350014	42	5	LOOKAHEAD ONLY, both halves hold	LOOKAHEAD ONLY, both halves hold	{"cut": null, "free": true, "queued": 3, "queued_attacks": ["Wild Swing"], "r2": {"guts": null, "own": null, "perish": null, "plain": null, "trap": null, "vs": null, "will": null}, "ret": null, "tick": 42, "trapleaf": null}
8b	k3	35	19	23100350019	35	4	LOOKAHEAD ONLY, both halves hold	LOOKAHEAD ONLY, both halves hold	{"cut": null, "free": true, "queued": 3, "queued_attacks": ["Wild Swing"], "r2": {"guts": null, "own": null, "perish": null, "plain": null, "trap": null, "vs": null, "will": null}, "ret": null, "tick": 35, "trapleaf": null}
8b	k3	35	26	23100350026	41	5	LOOKAHEAD ONLY, both halves hold	LOOKAHEAD ONLY, both halves hold	{"cut": null, "free": true, "queued": 3, "queued_attacks": ["Wild Swing"], "r2": {"guts": null, "own": null, "perish": null, "plain": null, "trap": null, "vs": null, "will": null}, "ret": null, "tick": 41, "trapleaf": null}
8b	k3	35	30	23100350030	38	5	LOOKAHEAD ONLY, both halves hold	LOOKAHEAD ONLY, both halves hold	{"cut": null, "free": true, "queued": 3, "queued_attacks": ["Wild Swing"], "r2": {"guts": null, "own": null, "perish": null, "plain": null, "trap": null, "vs": null, "will": null}, "ret": null, "tick": 38, "trapleaf": null}
8b	k3	37	23	23100370023	77	13	LOOKAHEAD ONLY, both halves hold	LOOKAHEAD ONLY, both halves hold	{"cut": null, "free": false, "queued": null, "r2": {"guts": null, "own": null, "perish": null, "plain": null, "trap": null, "vs": null, "will": null}, "ret": 3, "tick": 77, "trapleaf": null}
8b	k3	37	34	23100370034	48	7	LOOKAHEAD ONLY, both halves hold	LOOKAHEAD ONLY, both halves hold	{"cut": null, "free": false, "queued": null, "r2": {"guts": null, "own": null, "perish": null, "plain": null, "trap": null, "vs": null, "will": null}, "ret": 3, "tick": 48, "trapleaf": null}
8b	k3	37	35	23100370035	68	10	LOOKAHEAD ONLY, both halves hold	LOOKAHEAD ONLY, both halves hold	{"cut": null, "free": false, "queued": null, "r2": {"guts": null, "own": null, "perish": null, "plain": null, "trap": null, "vs": null, "will": null}, "ret": 1, "tick": 68, "trapleaf": null}
8b	km3	35	2	23100350002	89	13	LOOKAHEAD ONLY, both halves hold	LOOKAHEAD ONLY, both halves hold	{"cut": null, "free": true, "queued": 3, "queued_attacks": ["Wild Swing"], "r2": {"guts": null, "own": null, "perish": null, "plain": null, "trap": null, "vs": null, "will": null}, "ret": null, "tick": 89, "trapleaf": null}
8b	km3	35	3	23100350003	44	6	LOOKAHEAD ONLY, both halves hold	LOOKAHEAD ONLY, both halves hold	{"cut": null, "free": true, "queued": 3, "queued_attacks": ["Wild Swing"], "r2": {"guts": null, "own": null, "perish": null, "plain": null, "trap": null, "vs": null, "will": null}, "ret": null, "tick": 44, "trapleaf": null}
8b	km3	35	10	23100350010	43	6	LOOKAHEAD ONLY, both halves hold	LOOKAHEAD ONLY, both halves hold	{"cut": null, "free": true, "queued": 3, "queued_attacks": ["Wild Swing"], "r2": {"guts": null, "own": null, "perish": null, "plain": null, "trap": null, "vs": null, "will": null}, "ret": null, "tick": 43, "trapleaf": null}
8b	km3	35	13	23100350013	60	8	LOOKAHEAD ONLY, both halves hold	LOOKAHEAD ONLY, both halves hold	{"cut": null, "free": true, "queued": 3, "queued_attacks": ["Wild Swing"], "r2": {"guts": null, "own": null, "perish": null, "plain": null, "trap": null, "vs": null, "will": null}, "ret": null, "tick": 60, "trapleaf": null}
8b	km3	35	14	23100350014	41	5	LOOKAHEAD ONLY, both halves hold	LOOKAHEAD ONLY, both halves hold	{"cut": null, "free": true, "queued": 3, "queued_attacks": ["Wild Swing"], "r2": {"guts": null, "own": null, "perish": null, "plain": null, "trap": null, "vs": null, "will": null}, "ret": null, "tick": 41, "trapleaf": null}
8b	km3	35	26	23100350026	44	5	LOOKAHEAD ONLY, both halves hold	LOOKAHEAD ONLY, both halves hold	{"cut": null, "free": true, "queued": 3, "queued_attacks": ["Wild Swing"], "r2": {"guts": null, "own": null, "perish": null, "plain": null, "trap": null, "vs": null, "will": null}, "ret": null, "tick": 44, "trapleaf": null}
8b	km3	35	30	23100350030	38	5	LOOKAHEAD ONLY, both halves hold	LOOKAHEAD ONLY, both halves hold	{"cut": null, "free": true, "queued": 3, "queued_attacks": ["Wild Swing"], "r2": {"guts": null, "own": null, "perish": null, "plain": null, "trap": null, "vs": null, "will": null}, "ret": null, "tick": 38, "trapleaf": null}
8b	km3	35	31	23100350031	58	7	LOOKAHEAD ONLY, both halves hold	LOOKAHEAD ONLY, both halves hold	{"cut": null, "free": true, "queued": 3, "queued_attacks": ["Wild Swing"], "r2": {"guts": null, "own": null, "perish": null, "plain": null, "trap": null, "vs": null, "will": null}, "ret": null, "tick": 58, "trapleaf": null}
8b	km3	35	35	23100350035	90	14	LOOKAHEAD ONLY, both halves hold	LOOKAHEAD ONLY, both halves hold	{"cut": null, "free": true, "queued": 3, "queued_attacks": ["Wild Swing"], "r2": {"guts": null, "own": null, "perish": null, "plain": null, "trap": null, "vs": null, "will": null}, "ret": null, "tick": 90, "trapleaf": null}
8b	km3	35	37	23100350037	48	7	LOOKAHEAD ONLY, both halves hold	LOOKAHEAD ONLY, both halves hold	{"cut": null, "free": true, "queued": 3, "queued_attacks": ["Wild Swing"], "r2": {"guts": null, "own": null, "perish": null, "plain": null, "trap": null, "vs": null, "will": null}, "ret": null, "tick": 48, "trapleaf": null}
8b	km3	35	38	23100350038	69	11	LOOKAHEAD ONLY, both halves hold	LOOKAHEAD ONLY, both halves hold	{"cut": null, "free": true, "queued": 3, "queued_attacks": ["Wild Swing"], "r2": {"guts": null, "own": null, "perish": null, "plain": null, "trap": null, "vs": null, "will": null}, "ret": null, "tick": 69, "trapleaf": null}
8b	km3	37	15	23100370015	51	9	LOOKAHEAD ONLY, both halves hold	LOOKAHEAD ONLY, both halves hold	{"cut": null, "free": false, "queued": null, "r2": {"guts": null, "own": null, "perish": null, "plain": null, "trap": null, "vs": null, "will": null}, "ret": 1, "tick": 51, "trapleaf": null}
