step	bot	pairing	i	seed	kind	longer	k	turn	cause	reach_counters_that_explain	verdict	strict	probe	condition3	fingerprints_ok
8b	k3	35	9	23100350009	state		46	6	45	{"coin_queued_by_attack": [46]}	ON THE BOARD	ON THE BOARD	{}		yes
8b	k3	35	10	23100350010	lookahead		40	6	40	{}	LOOKAHEAD ONLY, both halves hold	LOOKAHEAD ONLY, both halves hold	{"cut": null, "free": true, "queued": 3, "queued_attacks": ["Wild Swing"], "r2": {"guts": null, "own": null, "perish": null, "plain": null, "trap": null, "vs": null, "will": null}, "ret": null, "tick": 40, "trapleaf": null}	yes	yes
8b	k3	35	13	23100350013	lookahead		59	8	59	{}	LOOKAHEAD ONLY, both halves hold	LOOKAHEAD ONLY, both halves hold	{"cut": null, "free": true, "queued": 3, "queued_attacks": ["Wild Swing"], "r2": {"guts": null, "own": null, "perish": null, "plain": null, "trap": null, "vs": null, "will": null}, "ret": null, "tick": 59, "trapleaf": null}	yes	yes
8b	k3	35	14	23100350014	lookahead		42	5	42	{}	LOOKAHEAD ONLY, both halves hold	LOOKAHEAD ONLY, both halves hold	{"cut": null, "free": true, "queued": 3, "queued_attacks": ["Wild Swing"], "r2": {"guts": null, "own": null, "perish": null, "plain": null, "trap": null, "vs": null, "will": null}, "ret": null, "tick": 42, "trapleaf": null}	yes	yes
8b	k3	35	19	23100350019	lookahead		35	4	35	{}	LOOKAHEAD ONLY, both halves hold	LOOKAHEAD ONLY, both halves hold	{"cut": null, "free": true, "queued": 3, "queued_attacks": ["Wild Swing"], "r2": {"guts": null, "own": null, "perish": null, "plain": null, "trap": null, "vs": null, "will": null}, "ret": null, "tick": 35, "trapleaf": null}	yes	yes
8b	k3	35	26	23100350026	lookahead		41	5	41	{}	LOOKAHEAD ONLY, both halves hold	LOOKAHEAD ONLY, both halves hold	{"cut": null, "free": true, "queued": 3, "queued_attacks": ["Wild Swing"], "r2": {"guts": null, "own": null, "perish": null, "plain": null, "trap": null, "vs": null, "will": null}, "ret": null, "tick": 41, "trapleaf": null}	yes	yes
8b	k3	35	30	23100350030	lookahead		38	5	38	{}	LOOKAHEAD ONLY, both halves hold	LOOKAHEAD ONLY, both halves hold	{"cut": null, "free": true, "queued": 3, "queued_attacks": ["Wild Swing"], "r2": {"guts": null, "own": null, "perish": null, "plain": null, "trap": null, "vs": null, "will": null}, "ret": null, "tick": 38, "trapleaf": null}	yes	yes
8b	k3	37	0	23100370000	state		43	6	42	{"attack_return_weakness": [42]}	ON THE BOARD	ON THE BOARD	{}		yes
8b	k3	37	23	23100370023	lookahead		77	13	77	{}	LOOKAHEAD ONLY, both halves hold	LOOKAHEAD ONLY, both halves hold	{"cut": null, "free": false, "queued": null, "r2": {"guts": null, "own": null, "perish": null, "plain": null, "trap": null, "vs": null, "will": null}, "ret": 3, "tick": 77, "trapleaf": null}	yes	yes
8b	k3	37	25	23100370025	state		34	5	33	{"attack_return_weakness": [33]}	ON THE BOARD	ON THE BOARD	{}		yes
8b	k3	37	34	23100370034	lookahead		48	7	48	{}	LOOKAHEAD ONLY, both halves hold	LOOKAHEAD ONLY, both halves hold	{"cut": null, "free": false, "queued": null, "r2": {"guts": null, "own": null, "perish": null, "plain": null, "trap": null, "vs": null, "will": null}, "ret": 3, "tick": 48, "trapleaf": null}		yes
8b	k3	37	35	23100370035	lookahead		68	10	68	{}	LOOKAHEAD ONLY, both halves hold	LOOKAHEAD ONLY, both halves hold	{"cut": null, "free": false, "queued": null, "r2": {"guts": null, "own": null, "perish": null, "plain": null, "trap": null, "vs": null, "will": null}, "ret": 1, "tick": 68, "trapleaf": null}		yes
8b	km3	35	2	23100350002	lookahead		89	13	89	{}	LOOKAHEAD ONLY, both halves hold	LOOKAHEAD ONLY, both halves hold	{"cut": null, "free": true, "queued": 3, "queued_attacks": ["Wild Swing"], "r2": {"guts": null, "own": null, "perish": null, "plain": null, "trap": null, "vs": null, "will": null}, "ret": null, "tick": 89, "trapleaf": null}	yes	yes
8b	km3	35	3	23100350003	lookahead		44	6	44	{}	LOOKAHEAD ONLY, both halves hold	LOOKAHEAD ONLY, both halves hold	{"cut": null, "free": true, "queued": 3, "queued_attacks": ["Wild Swing"], "r2": {"guts": null, "own": null, "perish": null, "plain": null, "trap": null, "vs": null, "will": null}, "ret": null, "tick": 44, "trapleaf": null}	yes	yes
8b	km3	35	10	23100350010	lookahead		43	6	43	{}	LOOKAHEAD ONLY, both halves hold	LOOKAHEAD ONLY, both halves hold	{"cut": null, "free": true, "queued": 3, "queued_attacks": ["Wild Swing"], "r2": {"guts": null, "own": null, "perish": null, "plain": null, "trap": null, "vs": null, "will": null}, "ret": null, "tick": 43, "trapleaf": null}	yes	yes
8b	km3	35	13	23100350013	lookahead		60	8	60	{}	LOOKAHEAD ONLY, both halves hold	LOOKAHEAD ONLY, both halves hold	{"cut": null, "free": true, "queued": 3, "queued_attacks": ["Wild Swing"], "r2": {"guts": null, "own": null, "perish": null, "plain": null, "trap": null, "vs": null, "will": null}, "ret": null, "tick": 60, "trapleaf": null}	yes	yes
8b	km3	35	14	23100350014	lookahead		41	5	41	{}	LOOKAHEAD ONLY, both halves hold	LOOKAHEAD ONLY, both halves hold	{"cut": null, "free": true, "queued": 3, "queued_attacks": ["Wild Swing"], "r2": {"guts": null, "own": null, "perish": null, "plain": null, "trap": null, "vs": null, "will": null}, "ret": null, "tick": 41, "trapleaf": null}	yes	yes
8b	km3	35	26	23100350026	lookahead		44	5	44	{}	LOOKAHEAD ONLY, both halves hold	LOOKAHEAD ONLY, both halves hold	{"cut": null, "free": true, "queued": 3, "queued_attacks": ["Wild Swing"], "r2": {"guts": null, "own": null, "perish": null, "plain": null, "trap": null, "vs": null, "will": null}, "ret": null, "tick": 44, "trapleaf": null}	yes	yes
8b	km3	35	30	23100350030	lookahead		38	5	38	{}	LOOKAHEAD ONLY, both halves hold	LOOKAHEAD ONLY, both halves hold	{"cut": null, "free": true, "queued": 3, "queued_attacks": ["Wild Swing"], "r2": {"guts": null, "own": null, "perish": null, "plain": null, "trap": null, "vs": null, "will": null}, "ret": null, "tick": 38, "trapleaf": null}	yes	yes
8b	km3	35	31	23100350031	lookahead		58	7	58	{}	LOOKAHEAD ONLY, both halves hold	LOOKAHEAD ONLY, both halves hold	{"cut": null, "free": true, "queued": 3, "queued_attacks": ["Wild Swing"], "r2": {"guts": null, "own": null, "perish": null, "plain": null, "trap": null, "vs": null, "will": null}, "ret": null, "tick": 58, "trapleaf": null}	yes	yes
8b	km3	35	35	23100350035	lookahead		90	14	90	{}	LOOKAHEAD ONLY, both halves hold	LOOKAHEAD ONLY, both halves hold	{"cut": null, "free": true, "queued": 3, "queued_attacks": ["Wild Swing"], "r2": {"guts": null, "own": null, "perish": null, "plain": null, "trap": null, "vs": null, "will": null}, "ret": null, "tick": 90, "trapleaf": null}	yes	yes
8b	km3	35	37	23100350037	lookahead		48	7	48	{}	LOOKAHEAD ONLY, both halves hold	LOOKAHEAD ONLY, both halves hold	{"cut": null, "free": true, "queued": 3, "queued_attacks": ["Wild Swing"], "r2": {"guts": null, "own": null, "perish": null, "plain": null, "trap": null, "vs": null, "will": null}, "ret": null, "tick": 48, "trapleaf": null}		yes
8b	km3	35	38	23100350038	lookahead		69	11	69	{}	LOOKAHEAD ONLY, both halves hold	LOOKAHEAD ONLY, both halves hold	{"cut": null, "free": true, "queued": 3, "queued_attacks": ["Wild Swing"], "r2": {"guts": null, "own": null, "perish": null, "plain": null, "trap": null, "vs": null, "will": null}, "ret": null, "tick": 69, "trapleaf": null}	yes	yes
8b	km3	37	0	23100370000	state		43	6	42	{"attack_return_weakness": [42]}	ON THE BOARD	ON THE BOARD	{}		yes
8b	km3	37	15	23100370015	lookahead		51	9	51	{}	LOOKAHEAD ONLY, both halves hold	LOOKAHEAD ONLY, both halves hold	{"cut": null, "free": false, "queued": null, "r2": {"guts": null, "own": null, "perish": null, "plain": null, "trap": null, "vs": null, "will": null}, "ret": 1, "tick": 51, "trapleaf": null}	yes	yes
