pairing	held_key	held_file	opponent	panel_file
0	garchomp_meowth	rl/results/engine_switch_rules_2026-10/carriers/garchomp_meowth.txt	t-altaria	decks/screen/opponents/t-altaria.txt
1	garchomp_meowth	rl/results/engine_switch_rules_2026-10/carriers/garchomp_meowth.txt	t-blaziken	decks/screen/opponents/t-blaziken.txt
2	garchomp_meowth	rl/results/engine_switch_rules_2026-10/carriers/garchomp_meowth.txt	t-hydreigon	decks/screen/opponents/t-hydreigon.txt
3	garchomp_meowth	rl/results/engine_switch_rules_2026-10/carriers/garchomp_meowth.txt	t-lucario	decks/screen/opponents/t-lucario.txt
4	garchomp_meowth	rl/results/engine_switch_rules_2026-10/carriers/garchomp_meowth.txt	t-sceptile	decks/screen/opponents/t-sceptile.txt
5	garchomp_meowth	rl/results/engine_switch_rules_2026-10/carriers/garchomp_meowth.txt	t-suicune	decks/screen/opponents/t-suicune.txt
6	garchomp_meowth	rl/results/engine_switch_rules_2026-10/carriers/garchomp_meowth.txt	t-vespiquen	decks/screen/opponents/t-vespiquen.txt
7	garchomp_meowth	rl/results/engine_switch_rules_2026-10/carriers/garchomp_meowth.txt	t-weezing	decks/screen/opponents/t-weezing.txt
8	togekiss_meowth	rl/results/engine_switch_rules_2026-10/carriers/alternates/togekiss_meowth.txt	t-altaria	decks/screen/opponents/t-altaria.txt
9	togekiss_meowth	rl/results/engine_switch_rules_2026-10/carriers/alternates/togekiss_meowth.txt	t-blaziken	decks/screen/opponents/t-blaziken.txt
10	togekiss_meowth	rl/results/engine_switch_rules_2026-10/carriers/alternates/togekiss_meowth.txt	t-hydreigon	decks/screen/opponents/t-hydreigon.txt
11	togekiss_meowth	rl/results/engine_switch_rules_2026-10/carriers/alternates/togekiss_meowth.txt	t-lucario	decks/screen/opponents/t-lucario.txt
12	togekiss_meowth	rl/results/engine_switch_rules_2026-10/carriers/alternates/togekiss_meowth.txt	t-sceptile	decks/screen/opponents/t-sceptile.txt
13	togekiss_meowth	rl/results/engine_switch_rules_2026-10/carriers/alternates/togekiss_meowth.txt	t-suicune	decks/screen/opponents/t-suicune.txt
14	togekiss_meowth	rl/results/engine_switch_rules_2026-10/carriers/alternates/togekiss_meowth.txt	t-vespiquen	decks/screen/opponents/t-vespiquen.txt
15	togekiss_meowth	rl/results/engine_switch_rules_2026-10/carriers/alternates/togekiss_meowth.txt	t-weezing	decks/screen/opponents/t-weezing.txt
16	hisuian_goodra	rl/results/engine_switch_rules_2026-10/carriers/alternates/hisuian_goodra.txt	t-altaria	decks/screen/opponents/t-altaria.txt
17	hisuian_goodra	rl/results/engine_switch_rules_2026-10/carriers/alternates/hisuian_goodra.txt	t-blaziken	decks/screen/opponents/t-blaziken.txt
18	hisuian_goodra	rl/results/engine_switch_rules_2026-10/carriers/alternates/hisuian_goodra.txt	t-hydreigon	decks/screen/opponents/t-hydreigon.txt
19	hisuian_goodra	rl/results/engine_switch_rules_2026-10/carriers/alternates/hisuian_goodra.txt	t-lucario	decks/screen/opponents/t-lucario.txt
20	hisuian_goodra	rl/results/engine_switch_rules_2026-10/carriers/alternates/hisuian_goodra.txt	t-sceptile	decks/screen/opponents/t-sceptile.txt
21	hisuian_goodra	rl/results/engine_switch_rules_2026-10/carriers/alternates/hisuian_goodra.txt	t-suicune	decks/screen/opponents/t-suicune.txt
22	hisuian_goodra	rl/results/engine_switch_rules_2026-10/carriers/alternates/hisuian_goodra.txt	t-vespiquen	decks/screen/opponents/t-vespiquen.txt
23	hisuian_goodra	rl/results/engine_switch_rules_2026-10/carriers/alternates/hisuian_goodra.txt	t-weezing	decks/screen/opponents/t-weezing.txt
24	houndoom_victini	rl/results/engine_switch_rules_2026-10/carriers/alternates/houndoom_victini.txt	t-altaria	decks/screen/opponents/t-altaria.txt
25	houndoom_victini	rl/results/engine_switch_rules_2026-10/carriers/alternates/houndoom_victini.txt	t-blaziken	decks/screen/opponents/t-blaziken.txt
26	houndoom_victini	rl/results/engine_switch_rules_2026-10/carriers/alternates/houndoom_victini.txt	t-hydreigon	decks/screen/opponents/t-hydreigon.txt
27	houndoom_victini	rl/results/engine_switch_rules_2026-10/carriers/alternates/houndoom_victini.txt	t-lucario	decks/screen/opponents/t-lucario.txt
28	houndoom_victini	rl/results/engine_switch_rules_2026-10/carriers/alternates/houndoom_victini.txt	t-sceptile	decks/screen/opponents/t-sceptile.txt
29	houndoom_victini	rl/results/engine_switch_rules_2026-10/carriers/alternates/houndoom_victini.txt	t-suicune	decks/screen/opponents/t-suicune.txt
30	houndoom_victini	rl/results/engine_switch_rules_2026-10/carriers/alternates/houndoom_victini.txt	t-vespiquen	decks/screen/opponents/t-vespiquen.txt
31	houndoom_victini	rl/results/engine_switch_rules_2026-10/carriers/alternates/houndoom_victini.txt	t-weezing	decks/screen/opponents/t-weezing.txt
32	coinflip_deck	rl/results/engine_switch_rules_2026-10/carriers/fallback/coinflip_deck.txt	t-altaria	decks/screen/opponents/t-altaria.txt
33	coinflip_deck	rl/results/engine_switch_rules_2026-10/carriers/fallback/coinflip_deck.txt	t-blaziken	decks/screen/opponents/t-blaziken.txt
34	coinflip_deck	rl/results/engine_switch_rules_2026-10/carriers/fallback/coinflip_deck.txt	t-hydreigon	decks/screen/opponents/t-hydreigon.txt
35	coinflip_deck	rl/results/engine_switch_rules_2026-10/carriers/fallback/coinflip_deck.txt	t-lucario	decks/screen/opponents/t-lucario.txt
36	coinflip_deck	rl/results/engine_switch_rules_2026-10/carriers/fallback/coinflip_deck.txt	t-sceptile	decks/screen/opponents/t-sceptile.txt
37	coinflip_deck	rl/results/engine_switch_rules_2026-10/carriers/fallback/coinflip_deck.txt	t-suicune	decks/screen/opponents/t-suicune.txt
38	coinflip_deck	rl/results/engine_switch_rules_2026-10/carriers/fallback/coinflip_deck.txt	t-vespiquen	decks/screen/opponents/t-vespiquen.txt
39	coinflip_deck	rl/results/engine_switch_rules_2026-10/carriers/fallback/coinflip_deck.txt	t-weezing	decks/screen/opponents/t-weezing.txt
40	coinflip_deck_padded	rl/results/engine_switch_rules_2026-10/carriers/fallback/coinflip_deck_padded.txt	t-altaria	decks/screen/opponents/t-altaria.txt
41	coinflip_deck_padded	rl/results/engine_switch_rules_2026-10/carriers/fallback/coinflip_deck_padded.txt	t-blaziken	decks/screen/opponents/t-blaziken.txt
42	coinflip_deck_padded	rl/results/engine_switch_rules_2026-10/carriers/fallback/coinflip_deck_padded.txt	t-hydreigon	decks/screen/opponents/t-hydreigon.txt
43	coinflip_deck_padded	rl/results/engine_switch_rules_2026-10/carriers/fallback/coinflip_deck_padded.txt	t-lucario	decks/screen/opponents/t-lucario.txt
44	coinflip_deck_padded	rl/results/engine_switch_rules_2026-10/carriers/fallback/coinflip_deck_padded.txt	t-sceptile	decks/screen/opponents/t-sceptile.txt
45	coinflip_deck_padded	rl/results/engine_switch_rules_2026-10/carriers/fallback/coinflip_deck_padded.txt	t-suicune	decks/screen/opponents/t-suicune.txt
46	coinflip_deck_padded	rl/results/engine_switch_rules_2026-10/carriers/fallback/coinflip_deck_padded.txt	t-vespiquen	decks/screen/opponents/t-vespiquen.txt
47	coinflip_deck_padded	rl/results/engine_switch_rules_2026-10/carriers/fallback/coinflip_deck_padded.txt	t-weezing	decks/screen/opponents/t-weezing.txt
48	fire_victini	rl/results/engine_switch_rules_2026-10/carriers/fallback/fire_victini.txt	t-altaria	decks/screen/opponents/t-altaria.txt
49	fire_victini	rl/results/engine_switch_rules_2026-10/carriers/fallback/fire_victini.txt	t-blaziken	decks/screen/opponents/t-blaziken.txt
50	fire_victini	rl/results/engine_switch_rules_2026-10/carriers/fallback/fire_victini.txt	t-hydreigon	decks/screen/opponents/t-hydreigon.txt
51	fire_victini	rl/results/engine_switch_rules_2026-10/carriers/fallback/fire_victini.txt	t-lucario	decks/screen/opponents/t-lucario.txt
52	fire_victini	rl/results/engine_switch_rules_2026-10/carriers/fallback/fire_victini.txt	t-sceptile	decks/screen/opponents/t-sceptile.txt
53	fire_victini	rl/results/engine_switch_rules_2026-10/carriers/fallback/fire_victini.txt	t-suicune	decks/screen/opponents/t-suicune.txt
54	fire_victini	rl/results/engine_switch_rules_2026-10/carriers/fallback/fire_victini.txt	t-vespiquen	decks/screen/opponents/t-vespiquen.txt
55	fire_victini	rl/results/engine_switch_rules_2026-10/carriers/fallback/fire_victini.txt	t-weezing	decks/screen/opponents/t-weezing.txt
