step	bot	pairing	i	seed	held_file	held_blob	panel_file	panel_blob	old_moves	new_moves	moves_differ	differing_fields	old_winner	new_winner	old_points	new_points	exact_counters	superset_counters	vs_confused_choice	offgate_counters	no_reach_counter	full_prevention_only
8b	k3	32	6	23100320006	rl/results/engine_switch_rules_2026-10/scratch_8b/fire_victini.txt	2589ce563d09eedcf11faa0d7e9f1d5a0d14ddf6	rl/results/engine_switch_rules_2026-10/scratch_8b/psychic_confuse.txt	cc8e6b8f7bf6bbff0d29a2bb02c22d4ba9e6672f	9e7eb3434ba4d586	afd21d5d546f7cc4	yes	decisions,moves,turns	0	0	[3,0]	[3,0]	{"vs_confused_choice_chosen":[42],"vs_confused_choice_offered":[42],"vs_confusion_first_built":[32,41]}	{"vs_confused_attack":12}	{"first":42,"n":1}	{}	no	no
8b	k3	32	11	23100320011	rl/results/engine_switch_rules_2026-10/scratch_8b/fire_victini.txt	2589ce563d09eedcf11faa0d7e9f1d5a0d14ddf6	rl/results/engine_switch_rules_2026-10/scratch_8b/psychic_confuse.txt	cc8e6b8f7bf6bbff0d29a2bb02c22d4ba9e6672f	f88d8bd564b9e3c2	ffc2573d49fbe4bf	yes	decisions,moves	1	1	[0,3]	[0,3]	{"vs_confused_choice_chosen":[51],"vs_confused_choice_offered":[51],"vs_confusion_first_built":[31,41,50]}	{"vs_confused_attack":7}	{"first":51,"n":1}	{}	no	no
8b	k3	32	12	23100320012	rl/results/engine_switch_rules_2026-10/scratch_8b/fire_victini.txt	2589ce563d09eedcf11faa0d7e9f1d5a0d14ddf6	rl/results/engine_switch_rules_2026-10/scratch_8b/psychic_confuse.txt	cc8e6b8f7bf6bbff0d29a2bb02c22d4ba9e6672f	8e948ffbbc6a3cb7	796236323b4b7207	yes	decisions,moves	0	0	[3,0]	[3,0]	{"vs_confused_choice_chosen":[35],"vs_confused_choice_offered":[35],"vs_confusion_first_built":[23,34]}	{"vs_confused_attack":3}	{"first":35,"n":1}	{}	no	no
8b	k3	32	24	23100320024	rl/results/engine_switch_rules_2026-10/scratch_8b/fire_victini.txt	2589ce563d09eedcf11faa0d7e9f1d5a0d14ddf6	rl/results/engine_switch_rules_2026-10/scratch_8b/psychic_confuse.txt	cc8e6b8f7bf6bbff0d29a2bb02c22d4ba9e6672f	331c97afe69d1872	25df0a84a0370515	yes	decisions,moves,turns	0	0	[3,0]	[3,0]	{"vs_confused_choice_chosen":[34],"vs_confused_choice_offered":[34],"vs_confusion_first_built":[33]}	{"vs_confused_attack":4}	{"first":34,"n":1}	{}	no	no
8b	k3	32	27	23100320027	rl/results/engine_switch_rules_2026-10/scratch_8b/fire_victini.txt	2589ce563d09eedcf11faa0d7e9f1d5a0d14ddf6	rl/results/engine_switch_rules_2026-10/scratch_8b/psychic_confuse.txt	cc8e6b8f7bf6bbff0d29a2bb02c22d4ba9e6672f	887af690c47d238a	ca6710c16cb4659b	yes	decisions,moves,turns	1	1	[0,3]	[0,3]	{"vs_confused_choice_chosen":[26],"vs_confused_choice_offered":[26],"vs_confusion_first_built":[25,40]}	{"vs_confused_attack":7}	{"first":26,"n":1}	{}	no	no
8b	k3	32	29	23100320029	rl/results/engine_switch_rules_2026-10/scratch_8b/fire_victini.txt	2589ce563d09eedcf11faa0d7e9f1d5a0d14ddf6	rl/results/engine_switch_rules_2026-10/scratch_8b/psychic_confuse.txt	cc8e6b8f7bf6bbff0d29a2bb02c22d4ba9e6672f	28a8a876bb6e8f61	4c73f9946505e1f6	yes	decisions,moves	1	1	[0,3]	[0,3]	{"vs_confused_choice_chosen":[35],"vs_confused_choice_offered":[35],"vs_confusion_first_built":[23,34]}	{"vs_confused_attack":6}	{"first":35,"n":1}	{}	no	no
8b	k3	32	35	23100320035	rl/results/engine_switch_rules_2026-10/scratch_8b/fire_victini.txt	2589ce563d09eedcf11faa0d7e9f1d5a0d14ddf6	rl/results/engine_switch_rules_2026-10/scratch_8b/psychic_confuse.txt	cc8e6b8f7bf6bbff0d29a2bb02c22d4ba9e6672f	4de407c8d7823258	951aac0be66abfd5	yes	decisions,moves	1	1	[0,3]	[0,3]	{"vs_confused_choice_chosen":[28],"vs_confused_choice_offered":[28],"vs_confusion_first_built":[27]}	{"vs_confused_attack":7}	{"first":28,"n":1}	{}	no	no
8b	k3	32	38	23100320038	rl/results/engine_switch_rules_2026-10/scratch_8b/fire_victini.txt	2589ce563d09eedcf11faa0d7e9f1d5a0d14ddf6	rl/results/engine_switch_rules_2026-10/scratch_8b/psychic_confuse.txt	cc8e6b8f7bf6bbff0d29a2bb02c22d4ba9e6672f	4b6a503921d30000	9ce13b8ecb4129b4	yes	decisions,moves	0	0	[3,0]	[3,0]	{"vs_confusion_first_built":[20]}	{"vs_confused_attack":7}	{}	{}	no	no
8b	k3	33	1	23100330001	rl/results/engine_switch_rules_2026-10/scratch_8b/fire_heatmor.txt	b40d1db3415abafed2b98166c4572a757de1dea2	rl/results/engine_switch_rules_2026-10/scratch_8b/meowth_carefree.txt	26815670db336f3d49c642d0ddaf2abf7c00bc64	e722088eaa0a8809	6db829b2c59f0d0e	yes	decisions,moves,turns	1	1	[1,3]	[1,3]	{"coin_full_prevention":[83],"coin_queued_offered":[18,31,47],"coin_queued_offered_any":[18,31,47]}	{"coin_defender_attack":10}	{}	{"offgate_helper_by_mechanic":{"DirectDamage":[18,31,47]},"offgate_helper_choice":[18,31,47]}	no	no
8b	k3	33	2	23100330002	rl/results/engine_switch_rules_2026-10/scratch_8b/fire_heatmor.txt	b40d1db3415abafed2b98166c4572a757de1dea2	rl/results/engine_switch_rules_2026-10/scratch_8b/meowth_carefree.txt	26815670db336f3d49c642d0ddaf2abf7c00bc64	592dcb562e7fa395	c35071ab6331fa65	yes	decisions,moves,turns	0	0	[3,0]	[3,0]	{"coin_queued_offered":[19],"coin_queued_offered_any":[19]}	{"coin_defender_attack":8}	{}	{"offgate_helper_by_mechanic":{"DirectDamage":[19]},"offgate_helper_choice":[19]}	no	no
8b	k3	33	5	23100330005	rl/results/engine_switch_rules_2026-10/scratch_8b/fire_heatmor.txt	b40d1db3415abafed2b98166c4572a757de1dea2	rl/results/engine_switch_rules_2026-10/scratch_8b/meowth_carefree.txt	26815670db336f3d49c642d0ddaf2abf7c00bc64	c3a17a9aa4678cde	00ed314b55e01056	yes	decisions,moves,points,turns	1	1	[1,3]	[0,3]	{"coin_full_prevention":[111],"coin_queued_offered":[26,42],"coin_queued_offered_any":[26,42]}	{"coin_defender_attack":10}	{}	{"offgate_helper_by_mechanic":{"DirectDamage":[26,42]},"offgate_helper_choice":[26,42]}	no	no
8b	k3	33	13	23100330013	rl/results/engine_switch_rules_2026-10/scratch_8b/fire_heatmor.txt	b40d1db3415abafed2b98166c4572a757de1dea2	rl/results/engine_switch_rules_2026-10/scratch_8b/meowth_carefree.txt	26815670db336f3d49c642d0ddaf2abf7c00bc64	192463227710dd69	732c2e7deb9c636b	yes	decisions,moves	1	1	[1,3]	[1,3]	{"coin_full_prevention":[22,35],"coin_queued_offered":[22,35],"coin_queued_offered_any":[22,35]}	{"coin_defender_attack":6,"coin_queued_attack_damage":2}	{}	{"offgate_helper_by_mechanic":{"DirectDamage":[35]},"offgate_helper_choice":[35]}	no	no
8b	k3	33	20	23100330020	rl/results/engine_switch_rules_2026-10/scratch_8b/fire_heatmor.txt	b40d1db3415abafed2b98166c4572a757de1dea2	rl/results/engine_switch_rules_2026-10/scratch_8b/meowth_carefree.txt	26815670db336f3d49c642d0ddaf2abf7c00bc64	27841ef413c473e9	a50ad2acd648d00e	yes	decisions,moves	0	0	[3,1]	[3,1]	{"coin_full_prevention":[16,28],"coin_queued_offered":[16,28],"coin_queued_offered_any":[16,28]}	{"coin_defender_attack":5,"coin_queued_attack_damage":2}	{}	{"offgate_helper_by_mechanic":{"DirectDamage":[28]},"offgate_helper_choice":[28]}	no	no
8b	k3	33	21	23100330021	rl/results/engine_switch_rules_2026-10/scratch_8b/fire_heatmor.txt	b40d1db3415abafed2b98166c4572a757de1dea2	rl/results/engine_switch_rules_2026-10/scratch_8b/meowth_carefree.txt	26815670db336f3d49c642d0ddaf2abf7c00bc64	b098f255c9c6f7a2	51634b76dd700503	yes	decisions,moves,turns	1	1	[1,3]	[1,3]	{"coin_queued_offered":[21,34],"coin_queued_offered_any":[21,34]}	{"coin_defender_attack":7}	{}	{"offgate_helper_by_mechanic":{"DirectDamage":[21,34]},"offgate_helper_choice":[21,34]}	no	no
8b	k3	33	24	23100330024	rl/results/engine_switch_rules_2026-10/scratch_8b/fire_heatmor.txt	b40d1db3415abafed2b98166c4572a757de1dea2	rl/results/engine_switch_rules_2026-10/scratch_8b/meowth_carefree.txt	26815670db336f3d49c642d0ddaf2abf7c00bc64	4d38bed06525521f	ceaf00d619bc5db1	yes	decisions,moves,turns	0	0	[3,0]	[3,0]	{"coin_full_prevention":[83],"coin_queued_offered":[27,43],"coin_queued_offered_any":[27,43]}	{"coin_defender_attack":7}	{}	{"offgate_helper_by_mechanic":{"DirectDamage":[27,43]},"offgate_helper_choice":[27,43]}	no	no
8b	k3	33	25	23100330025	rl/results/engine_switch_rules_2026-10/scratch_8b/fire_heatmor.txt	b40d1db3415abafed2b98166c4572a757de1dea2	rl/results/engine_switch_rules_2026-10/scratch_8b/meowth_carefree.txt	26815670db336f3d49c642d0ddaf2abf7c00bc64	69028625fc96ca1d	9a83522c8f43c5c3	yes	decisions,moves,points,turns	1	1	[1,2]	[1,3]	{"coin_full_prevention":[20,32,59,72],"coin_queued_offered":[20,32],"coin_queued_offered_any":[20,32]}	{"coin_defender_attack":8,"coin_queued_attack_damage":2}	{}	{}	no	no
8b	k3	33	28	23100330028	rl/results/engine_switch_rules_2026-10/scratch_8b/fire_heatmor.txt	b40d1db3415abafed2b98166c4572a757de1dea2	rl/results/engine_switch_rules_2026-10/scratch_8b/meowth_carefree.txt	26815670db336f3d49c642d0ddaf2abf7c00bc64	e91631113f9c9d01	dacc1112f10a93d5	yes	decisions,moves,turns	0	0	[3,0]	[3,0]	{"coin_queued_offered":[28],"coin_queued_offered_any":[28]}	{"coin_defender_attack":6}	{}	{"offgate_helper_by_mechanic":{"DirectDamage":[28]},"offgate_helper_choice":[28]}	no	no
8b	k3	33	32	23100330032	rl/results/engine_switch_rules_2026-10/scratch_8b/fire_heatmor.txt	b40d1db3415abafed2b98166c4572a757de1dea2	rl/results/engine_switch_rules_2026-10/scratch_8b/meowth_carefree.txt	26815670db336f3d49c642d0ddaf2abf7c00bc64	d86ed43dd07f9cdc	b822f855744b14e7	yes	decisions,moves,turns	0	0	[3,0]	[3,0]	{"coin_full_prevention":[23,40,55,83],"coin_queued_offered":[23,40],"coin_queued_offered_any":[23,40]}	{"coin_defender_attack":7,"coin_queued_attack_damage":2}	{}	{}	no	no
8b	k3	33	35	23100330035	rl/results/engine_switch_rules_2026-10/scratch_8b/fire_heatmor.txt	b40d1db3415abafed2b98166c4572a757de1dea2	rl/results/engine_switch_rules_2026-10/scratch_8b/meowth_carefree.txt	26815670db336f3d49c642d0ddaf2abf7c00bc64	5be80795a743d8a9	3883c4f9e9d96767	yes	decisions,moves	1	1	[0,3]	[0,3]	{"coin_queued_offered":[44,60,72,83],"coin_queued_offered_any":[44,60,72,83]}	{"coin_defender_attack":11}	{}	{"offgate_helper_by_mechanic":{"DirectDamage":[44,60,72,83]},"offgate_helper_choice":[44,60,72,83]}	no	no
8b	k3	33	36	23100330036	rl/results/engine_switch_rules_2026-10/scratch_8b/fire_heatmor.txt	b40d1db3415abafed2b98166c4572a757de1dea2	rl/results/engine_switch_rules_2026-10/scratch_8b/meowth_carefree.txt	26815670db336f3d49c642d0ddaf2abf7c00bc64	c7c45fc25f322527	9fb8a29d5fa8650d	yes	decisions,moves	0	0	[3,0]	[3,0]	{"coin_full_prevention":[39,83],"coin_queued_offered":[55,83,97],"coin_queued_offered_any":[55,83,97]}	{"coin_defender_attack":9,"coin_queued_attack_damage":1}	{}	{"offgate_helper_by_mechanic":{"DirectDamage":[55,83,97]},"offgate_helper_choice":[55,83,97]}	no	no
8b	k3	33	37	23100330037	rl/results/engine_switch_rules_2026-10/scratch_8b/fire_heatmor.txt	b40d1db3415abafed2b98166c4572a757de1dea2	rl/results/engine_switch_rules_2026-10/scratch_8b/meowth_carefree.txt	26815670db336f3d49c642d0ddaf2abf7c00bc64	8d66b828b35129d9	c2b971d521cee6cb	yes	decisions,moves	1	1	[1,3]	[1,3]	{"coin_queued_offered":[54,67,81],"coin_queued_offered_any":[54,67,81]}	{"coin_defender_attack":10}	{}	{"offgate_helper_by_mechanic":{"DirectDamage":[23,54,67,81]},"offgate_helper_choice":[23,54,67,81]}	no	no
8b	k3	34	5	23100340005	decks/screen/opponents/t-vespiquen.txt	fb36fa1fe15cbacb8740ad1c1d5f2beb5f166dd0	rl/results/engine_switch_rules_2026-10/scratch_8b/meowth_carefree.txt	26815670db336f3d49c642d0ddaf2abf7c00bc64	595bb89c995cb349	0e3cf317f11bd8ca	yes	decisions,moves	1	1	[0,3]	[0,3]	{"coin_full_prevention":[15,28,43],"coin_queued_offered":[43],"coin_queued_offered_any":[43]}	{"coin_defender_attack":8,"coin_queued_attack_damage":1}	{}	{"offgate_helper_by_mechanic":{"OptionalDiscardBenchedBasicForExtraDamage":[55,69]},"offgate_helper_choice":[55,69]}	no	no
8b	k3	34	7	23100340007	decks/screen/opponents/t-vespiquen.txt	fb36fa1fe15cbacb8740ad1c1d5f2beb5f166dd0	rl/results/engine_switch_rules_2026-10/scratch_8b/meowth_carefree.txt	26815670db336f3d49c642d0ddaf2abf7c00bc64	1d0669c9d8376500	31bdb48dfc8c33fa	yes	chase_order,decisions,moves,turns	1	1	[0,3]	[0,3]	{"coin_full_prevention":[66,80],"coin_queued_offered":[66,80],"coin_queued_offered_any":[66,80]}	{"coin_defender_attack":8,"coin_queued_attack_damage":2}	{}	{"offgate_helper_by_mechanic":{"OptionalDiscardBenchedBasicForExtraDamage":[49]},"offgate_helper_choice":[49]}	no	no
8b	k3	34	8	23100340008	decks/screen/opponents/t-vespiquen.txt	fb36fa1fe15cbacb8740ad1c1d5f2beb5f166dd0	rl/results/engine_switch_rules_2026-10/scratch_8b/meowth_carefree.txt	26815670db336f3d49c642d0ddaf2abf7c00bc64	41486e2d6a7c6db4	1754ec99dca735f2	yes	decisions,moves	0	0	[3,0]	[3,0]	{"coin_full_prevention":[40],"coin_queued_offered":[40],"coin_queued_offered_any":[40]}	{"coin_defender_attack":4,"coin_queued_attack_damage":1}	{}	{"offgate_helper_by_mechanic":{"OptionalDiscardBenchedBasicForExtraDamage":[52,66]},"offgate_helper_choice":[52,66]}	no	no
8b	k3	34	17	23100340017	decks/screen/opponents/t-vespiquen.txt	fb36fa1fe15cbacb8740ad1c1d5f2beb5f166dd0	rl/results/engine_switch_rules_2026-10/scratch_8b/meowth_carefree.txt	26815670db336f3d49c642d0ddaf2abf7c00bc64	f9ac8f5ca9ecee69	d5f2ebc58fed1477	yes	decisions,moves	1	1	[0,3]	[0,3]	{"coin_full_prevention":[16,32,49],"coin_queued_offered":[49],"coin_queued_offered_any":[49]}	{"coin_defender_attack":8,"coin_queued_attack_damage":1}	{}	{"offgate_helper_by_mechanic":{"OptionalDiscardBenchedBasicForExtraDamage":[66,78]},"offgate_helper_choice":[66,78]}	no	no
8b	k3	34	27	23100340027	decks/screen/opponents/t-vespiquen.txt	fb36fa1fe15cbacb8740ad1c1d5f2beb5f166dd0	rl/results/engine_switch_rules_2026-10/scratch_8b/meowth_carefree.txt	26815670db336f3d49c642d0ddaf2abf7c00bc64	2caacc4c8b606d51	5258dda910a063b3	yes	decisions,moves	1	1	[0,3]	[0,3]	{"coin_full_prevention":[27,47,62],"coin_queued_offered":[62],"coin_queued_offered_any":[62]}	{"coin_defender_attack":6,"coin_queued_attack_damage":1}	{}	{"offgate_helper_by_mechanic":{"OptionalDiscardBenchedBasicForExtraDamage":[74,85]},"offgate_helper_choice":[74,85]}	no	no
8b	k3	34	32	23100340032	decks/screen/opponents/t-vespiquen.txt	fb36fa1fe15cbacb8740ad1c1d5f2beb5f166dd0	rl/results/engine_switch_rules_2026-10/scratch_8b/meowth_carefree.txt	26815670db336f3d49c642d0ddaf2abf7c00bc64	fde48146fc807df2	d7dfa390eaf3887b	yes	decisions,moves	0	0	[3,0]	[3,0]	{"coin_full_prevention":[18,33,47],"coin_queued_offered":[47],"coin_queued_offered_any":[47]}	{"coin_defender_attack":4,"coin_queued_attack_damage":1}	{}	{"offgate_helper_by_mechanic":{"OptionalDiscardBenchedBasicForExtraDamage":[64]},"offgate_helper_choice":[64]}	no	no
8b	k3	34	34	23100340034	decks/screen/opponents/t-vespiquen.txt	fb36fa1fe15cbacb8740ad1c1d5f2beb5f166dd0	rl/results/engine_switch_rules_2026-10/scratch_8b/meowth_carefree.txt	26815670db336f3d49c642d0ddaf2abf7c00bc64	c080aa5282beddc6	c4e7e9655bbf44b1	yes	decisions,moves	0	0	[3,0]	[3,0]	{"coin_full_prevention":[73],"coin_queued_offered":[73],"coin_queued_offered_any":[73]}	{"coin_defender_attack":5,"coin_queued_attack_damage":1}	{}	{}	no	no
8b	k3	34	35	23100340035	decks/screen/opponents/t-vespiquen.txt	fb36fa1fe15cbacb8740ad1c1d5f2beb5f166dd0	rl/results/engine_switch_rules_2026-10/scratch_8b/meowth_carefree.txt	26815670db336f3d49c642d0ddaf2abf7c00bc64	c74224a67a19af76	4c507ce0baeb7503	yes	decisions,moves	1	1	[0,3]	[0,3]	{"coin_full_prevention":[68],"coin_queued_offered":[68],"coin_queued_offered_any":[68]}	{"coin_defender_attack":7,"coin_queued_attack_damage":1}	{}	{"offgate_helper_by_mechanic":{"OptionalDiscardBenchedBasicForExtraDamage":[54,79]},"offgate_helper_choice":[54,79]}	no	no
8b	k3	35	2	23100350002	decks/screen/panel_ladder_2026-09-26/l-sharpedo.txt	34c28791effe9036451cd4901f97d517052ffc48	rl/results/engine_switch_rules_2026-10/scratch_8b/meowth_carefree.txt	26815670db336f3d49c642d0ddaf2abf7c00bc64	703a259f9b78294b	68a50f3e03641331	yes	decisions,moves	0	0	[3,0]	[3,0]	{"coin_full_prevention":[27,41],"coin_queued_offered":[58,93],"coin_queued_offered_any":[58,93]}	{"coin_defender_attack":9}	{}	{"offgate_helper_by_mechanic":{"SelfDiscardAllTypeEnergyAndDamageAnyOpponentPokemon":[58,93]},"offgate_helper_choice":[58,93]}	no	no
8b	k3	35	17	23100350017	decks/screen/panel_ladder_2026-09-26/l-sharpedo.txt	34c28791effe9036451cd4901f97d517052ffc48	rl/results/engine_switch_rules_2026-10/scratch_8b/meowth_carefree.txt	26815670db336f3d49c642d0ddaf2abf7c00bc64	2825feaac83238ed	ce1bcad010eba1ca	yes	decisions,moves	1	1	[0,3]	[0,3]	{"coin_queued_offered":[90],"coin_queued_offered_any":[90]}	{"coin_defender_attack":8}	{}	{"offgate_helper_by_mechanic":{"SelfDiscardAllTypeEnergyAndDamageAnyOpponentPokemon":[90]},"offgate_helper_choice":[90]}	no	no
