dataset,cell_set,a,a_deck_name,b,b_deck_name,W,L,T,DL,n,score_pct,band95_pts
development,coverage,scizor,Mega Scizor ex Revavroom,lucario,Mega Lucario ex Lucario,3,1,0,0,4,75.00,42.44
development,coverage,scizor,Mega Scizor ex Revavroom,altaria,Mega Altaria ex Espeon,1,5,0,0,6,16.67,29.82
development,coverage,scizor,Mega Scizor ex Revavroom,sceptile,Butterfree Mega Sceptile ex,0,1,0,0,1,0.00,0.00
development,coverage,scizor,Mega Scizor ex Revavroom,vespiquen,Vespiquen ex Shuckle ex,0,2,0,0,2,0.00,0.00
development,coverage,scizor,Mega Scizor ex Revavroom,suicune,Suicune ex Baxcalibur,2,1,1,0,4,62.50,47.44
development,coverage,scizor,Mega Scizor ex Revavroom,hydreigon,Hydreigon Mega Absol ex,0,0,0,0,0,,
development,coverage,scizor,Mega Scizor ex Revavroom,weezing,Team Rocket's Weezing ex Hoopa ex,0,1,0,0,1,0.00,0.00
development,coverage,scizor,Mega Scizor ex Revavroom,blaziken,Mega Blaziken ex,0,0,0,0,0,,
development,new_scoreboard,rayquaza,Dragonair Mega Rayquaza ex,lucario,Mega Lucario ex Lucario,42,15,1,4,58,73.28,11.39
development,new_scoreboard,rayquaza,Dragonair Mega Rayquaza ex,altaria,Mega Altaria ex Espeon,39,44,3,2,86,47.09,10.55
development,new_scoreboard,rayquaza,Dragonair Mega Rayquaza ex,sceptile,Butterfree Mega Sceptile ex,20,25,5,1,50,45.00,13.79
development,new_scoreboard,rayquaza,Dragonair Mega Rayquaza ex,vespiquen,Vespiquen ex Shuckle ex,21,13,2,0,36,61.11,15.92
development,new_scoreboard,rayquaza,Dragonair Mega Rayquaza ex,suicune,Suicune ex Baxcalibur,9,17,2,1,28,35.71,17.75
development,new_scoreboard,rayquaza,Dragonair Mega Rayquaza ex,hydreigon,Hydreigon Mega Absol ex,7,13,0,0,20,35.00,20.90
development,new_scoreboard,rayquaza,Dragonair Mega Rayquaza ex,weezing,Team Rocket's Weezing ex Hoopa ex,3,12,0,0,15,20.00,20.24
development,new_scoreboard,rayquaza,Dragonair Mega Rayquaza ex,blaziken,Mega Blaziken ex,4,4,0,0,8,50.00,34.65
development,new_scoreboard,altaria_greninja,Mega Altaria ex Greninja,lucario,Mega Lucario ex Lucario,30,13,2,0,45,68.89,13.53
development,new_scoreboard,altaria_greninja,Mega Altaria ex Greninja,altaria,Mega Altaria ex Espeon,22,39,7,2,68,37.50,11.51
development,new_scoreboard,altaria_greninja,Mega Altaria ex Greninja,sceptile,Butterfree Mega Sceptile ex,22,11,0,0,33,66.67,16.08
development,new_scoreboard,altaria_greninja,Mega Altaria ex Greninja,vespiquen,Vespiquen ex Shuckle ex,21,13,1,0,35,61.43,16.13
development,new_scoreboard,altaria_greninja,Mega Altaria ex Greninja,suicune,Suicune ex Baxcalibur,19,16,3,0,38,53.95,15.85
development,new_scoreboard,altaria_greninja,Mega Altaria ex Greninja,hydreigon,Hydreigon Mega Absol ex,11,6,0,0,17,64.71,22.72
development,new_scoreboard,altaria_greninja,Mega Altaria ex Greninja,weezing,Team Rocket's Weezing ex Hoopa ex,8,8,0,0,16,50.00,24.50
development,new_scoreboard,altaria_greninja,Mega Altaria ex Greninja,blaziken,Mega Blaziken ex,12,5,0,1,17,70.59,21.66
holdout,coverage,scizor,Mega Scizor ex Revavroom,lucario,Mega Lucario ex Lucario,2,1,0,0,3,66.67,53.34
holdout,coverage,scizor,Mega Scizor ex Revavroom,altaria,Mega Altaria ex Espeon,5,2,0,0,7,71.43,33.47
holdout,coverage,scizor,Mega Scizor ex Revavroom,sceptile,Butterfree Mega Sceptile ex,0,2,0,0,2,0.00,0.00
holdout,coverage,scizor,Mega Scizor ex Revavroom,vespiquen,Vespiquen ex Shuckle ex,1,1,0,0,2,50.00,69.30
holdout,coverage,scizor,Mega Scizor ex Revavroom,suicune,Suicune ex Baxcalibur,2,0,0,0,2,100.00,0.00
holdout,coverage,scizor,Mega Scizor ex Revavroom,hydreigon,Hydreigon Mega Absol ex,2,3,0,0,5,40.00,42.94
holdout,coverage,scizor,Mega Scizor ex Revavroom,weezing,Team Rocket's Weezing ex Hoopa ex,0,0,0,0,0,,
holdout,coverage,scizor,Mega Scizor ex Revavroom,blaziken,Mega Blaziken ex,0,1,0,0,1,0.00,0.00
holdout,new_scoreboard,rayquaza,Dragonair Mega Rayquaza ex,lucario,Mega Lucario ex Lucario,34,28,0,1,62,54.84,12.39
holdout,new_scoreboard,rayquaza,Dragonair Mega Rayquaza ex,altaria,Mega Altaria ex Espeon,43,39,5,1,87,52.30,10.50
holdout,new_scoreboard,rayquaza,Dragonair Mega Rayquaza ex,sceptile,Butterfree Mega Sceptile ex,18,26,0,1,44,40.91,14.53
holdout,new_scoreboard,rayquaza,Dragonair Mega Rayquaza ex,vespiquen,Vespiquen ex Shuckle ex,12,15,1,1,28,44.64,18.41
holdout,new_scoreboard,rayquaza,Dragonair Mega Rayquaza ex,suicune,Suicune ex Baxcalibur,11,13,2,0,26,46.15,19.16
holdout,new_scoreboard,rayquaza,Dragonair Mega Rayquaza ex,hydreigon,Hydreigon Mega Absol ex,13,17,0,0,30,43.33,17.73
holdout,new_scoreboard,rayquaza,Dragonair Mega Rayquaza ex,weezing,Team Rocket's Weezing ex Hoopa ex,7,6,0,1,13,53.85,27.10
holdout,new_scoreboard,rayquaza,Dragonair Mega Rayquaza ex,blaziken,Mega Blaziken ex,6,9,0,1,15,40.00,24.79
holdout,new_scoreboard,altaria_greninja,Mega Altaria ex Greninja,lucario,Mega Lucario ex Lucario,26,19,0,3,45,57.78,14.43
holdout,new_scoreboard,altaria_greninja,Mega Altaria ex Greninja,altaria,Mega Altaria ex Espeon,20,27,2,3,49,42.86,13.86
holdout,new_scoreboard,altaria_greninja,Mega Altaria ex Greninja,sceptile,Butterfree Mega Sceptile ex,10,20,1,1,31,33.87,16.66
holdout,new_scoreboard,altaria_greninja,Mega Altaria ex Greninja,vespiquen,Vespiquen ex Shuckle ex,6,19,0,2,25,24.00,16.74
holdout,new_scoreboard,altaria_greninja,Mega Altaria ex Greninja,suicune,Suicune ex Baxcalibur,6,17,0,0,23,26.09,17.95
holdout,new_scoreboard,altaria_greninja,Mega Altaria ex Greninja,hydreigon,Hydreigon Mega Absol ex,11,13,0,2,24,45.83,19.93
holdout,new_scoreboard,altaria_greninja,Mega Altaria ex Greninja,weezing,Team Rocket's Weezing ex Hoopa ex,6,6,0,1,12,50.00,28.29
holdout,new_scoreboard,altaria_greninja,Mega Altaria ex Greninja,blaziken,Mega Blaziken ex,4,5,1,1,10,45.00,30.83
pooled,coverage,scizor,Mega Scizor ex Revavroom,lucario,Mega Lucario ex Lucario,5,2,0,0,7,71.43,33.47
pooled,coverage,scizor,Mega Scizor ex Revavroom,altaria,Mega Altaria ex Espeon,6,7,0,0,13,46.15,27.10
pooled,coverage,scizor,Mega Scizor ex Revavroom,sceptile,Butterfree Mega Sceptile ex,0,3,0,0,3,0.00,0.00
pooled,coverage,scizor,Mega Scizor ex Revavroom,vespiquen,Vespiquen ex Shuckle ex,1,3,0,0,4,25.00,42.44
pooled,coverage,scizor,Mega Scizor ex Revavroom,suicune,Suicune ex Baxcalibur,4,1,1,0,6,75.00,34.65
pooled,coverage,scizor,Mega Scizor ex Revavroom,hydreigon,Hydreigon Mega Absol ex,2,3,0,0,5,40.00,42.94
pooled,coverage,scizor,Mega Scizor ex Revavroom,weezing,Team Rocket's Weezing ex Hoopa ex,0,1,0,0,1,0.00,0.00
pooled,coverage,scizor,Mega Scizor ex Revavroom,blaziken,Mega Blaziken ex,0,1,0,0,1,0.00,0.00
pooled,new_scoreboard,rayquaza,Dragonair Mega Rayquaza ex,lucario,Mega Lucario ex Lucario,76,43,1,5,120,63.75,8.60
pooled,new_scoreboard,rayquaza,Dragonair Mega Rayquaza ex,altaria,Mega Altaria ex Espeon,82,83,8,3,173,49.71,7.45
pooled,new_scoreboard,rayquaza,Dragonair Mega Rayquaza ex,sceptile,Butterfree Mega Sceptile ex,38,51,5,2,94,43.09,10.01
pooled,new_scoreboard,rayquaza,Dragonair Mega Rayquaza ex,vespiquen,Vespiquen ex Shuckle ex,33,28,3,1,64,53.91,12.21
pooled,new_scoreboard,rayquaza,Dragonair Mega Rayquaza ex,suicune,Suicune ex Baxcalibur,20,30,4,1,54,40.74,13.11
pooled,new_scoreboard,rayquaza,Dragonair Mega Rayquaza ex,hydreigon,Hydreigon Mega Absol ex,20,30,0,0,50,40.00,13.58
pooled,new_scoreboard,rayquaza,Dragonair Mega Rayquaza ex,weezing,Team Rocket's Weezing ex Hoopa ex,10,18,0,1,28,35.71,17.75
pooled,new_scoreboard,rayquaza,Dragonair Mega Rayquaza ex,blaziken,Mega Blaziken ex,10,13,0,1,23,43.48,20.26
pooled,new_scoreboard,altaria_greninja,Mega Altaria ex Greninja,lucario,Mega Lucario ex Lucario,56,32,2,3,90,63.33,9.96
pooled,new_scoreboard,altaria_greninja,Mega Altaria ex Greninja,altaria,Mega Altaria ex Espeon,42,66,9,5,117,39.74,8.87
pooled,new_scoreboard,altaria_greninja,Mega Altaria ex Greninja,sceptile,Butterfree Mega Sceptile ex,32,31,1,1,64,50.78,12.25
pooled,new_scoreboard,altaria_greninja,Mega Altaria ex Greninja,vespiquen,Vespiquen ex Shuckle ex,27,32,1,2,60,45.83,12.61
pooled,new_scoreboard,altaria_greninja,Mega Altaria ex Greninja,suicune,Suicune ex Baxcalibur,25,33,3,0,61,43.44,12.44
pooled,new_scoreboard,altaria_greninja,Mega Altaria ex Greninja,hydreigon,Hydreigon Mega Absol ex,22,19,0,2,41,53.66,15.26
pooled,new_scoreboard,altaria_greninja,Mega Altaria ex Greninja,weezing,Team Rocket's Weezing ex Hoopa ex,14,14,0,1,28,50.00,18.52
pooled,new_scoreboard,altaria_greninja,Mega Altaria ex Greninja,blaziken,Mega Blaziken ex,16,10,1,2,27,61.11,18.39
development,new_scoreboard,rayquaza,Dragonair Mega Rayquaza ex,altaria_greninja,Mega Altaria ex Greninja,18,16,2,1,36,52.78,16.31
holdout,new_scoreboard,rayquaza,Dragonair Mega Rayquaza ex,altaria_greninja,Mega Altaria ex Greninja,13,13,0,1,26,50.00,19.22
pooled,new_scoreboard,rayquaza,Dragonair Mega Rayquaza ex,altaria_greninja,Mega Altaria ex Greninja,31,29,2,2,62,51.61,12.44
development,frozen28,altaria,Mega Altaria ex Espeon,blaziken,Mega Blaziken ex,25,7,2,,34,76.47,14.26
holdout,frozen28,altaria,Mega Altaria ex Espeon,blaziken,Mega Blaziken ex,47,17,1,,65,73.08,10.78
pooled,frozen28,altaria,Mega Altaria ex Espeon,blaziken,Mega Blaziken ex,72,24,3,,99,74.24,8.61
development,frozen28,altaria,Mega Altaria ex Espeon,hydreigon,Hydreigon Mega Absol ex,29,24,3,,56,54.46,13.04
holdout,frozen28,altaria,Mega Altaria ex Espeon,hydreigon,Hydreigon Mega Absol ex,47,32,3,,82,59.15,10.64
pooled,frozen28,altaria,Mega Altaria ex Espeon,hydreigon,Hydreigon Mega Absol ex,76,56,6,,138,57.25,8.25
development,frozen28,altaria,Mega Altaria ex Espeon,lucario,Mega Lucario ex Lucario,114,42,5,,161,72.36,6.91
holdout,frozen28,altaria,Mega Altaria ex Espeon,lucario,Mega Lucario ex Lucario,120,47,6,,173,71.10,6.75
pooled,frozen28,altaria,Mega Altaria ex Espeon,lucario,Mega Lucario ex Lucario,234,89,11,,334,71.71,4.83
development,frozen28,altaria,Mega Altaria ex Espeon,sceptile,Butterfree Mega Sceptile ex,45,55,8,,108,45.37,9.39
holdout,frozen28,altaria,Mega Altaria ex Espeon,sceptile,Butterfree Mega Sceptile ex,63,57,5,,125,52.40,8.76
pooled,frozen28,altaria,Mega Altaria ex Espeon,sceptile,Butterfree Mega Sceptile ex,108,112,13,,233,49.14,6.42
development,frozen28,altaria,Mega Altaria ex Espeon,suicune,Suicune ex Baxcalibur,35,27,3,,65,56.15,12.06
holdout,frozen28,altaria,Mega Altaria ex Espeon,suicune,Suicune ex Baxcalibur,44,43,2,,89,50.56,10.39
pooled,frozen28,altaria,Mega Altaria ex Espeon,suicune,Suicune ex Baxcalibur,79,70,5,,154,52.92,7.88
development,frozen28,altaria,Mega Altaria ex Espeon,vespiquen,Vespiquen ex Shuckle ex,32,55,6,,93,37.63,9.85
holdout,frozen28,altaria,Mega Altaria ex Espeon,vespiquen,Vespiquen ex Shuckle ex,42,67,5,,114,39.04,8.96
pooled,frozen28,altaria,Mega Altaria ex Espeon,vespiquen,Vespiquen ex Shuckle ex,74,122,11,,207,38.41,6.63
development,frozen28,altaria,Mega Altaria ex Espeon,weezing,Team Rocket's Weezing ex Hoopa ex,14,30,3,,47,32.98,13.44
holdout,frozen28,altaria,Mega Altaria ex Espeon,weezing,Team Rocket's Weezing ex Hoopa ex,20,34,2,,56,37.50,12.68
pooled,frozen28,altaria,Mega Altaria ex Espeon,weezing,Team Rocket's Weezing ex Hoopa ex,34,64,5,,103,35.44,9.24
development,frozen28,blaziken,Mega Blaziken ex,hydreigon,Hydreigon Mega Absol ex,15,7,2,,24,66.67,18.86
holdout,frozen28,blaziken,Mega Blaziken ex,hydreigon,Hydreigon Mega Absol ex,18,15,4,,37,54.05,16.06
pooled,frozen28,blaziken,Mega Blaziken ex,hydreigon,Hydreigon Mega Absol ex,33,22,6,,61,59.02,12.34
development,frozen28,blaziken,Mega Blaziken ex,lucario,Mega Lucario ex Lucario,24,35,0,,59,40.68,12.53
holdout,frozen28,blaziken,Mega Blaziken ex,lucario,Mega Lucario ex Lucario,39,43,3,,85,47.65,10.62
pooled,frozen28,blaziken,Mega Blaziken ex,lucario,Mega Lucario ex Lucario,63,78,3,,144,44.79,8.12
development,frozen28,blaziken,Mega Blaziken ex,sceptile,Butterfree Mega Sceptile ex,17,5,1,,23,76.09,17.43
holdout,frozen28,blaziken,Mega Blaziken ex,sceptile,Butterfree Mega Sceptile ex,37,5,2,,44,86.36,10.14
pooled,frozen28,blaziken,Mega Blaziken ex,sceptile,Butterfree Mega Sceptile ex,54,10,3,,67,82.84,9.03
development,frozen28,blaziken,Mega Blaziken ex,suicune,Suicune ex Baxcalibur,13,7,1,,21,64.29,20.49
holdout,frozen28,blaziken,Mega Blaziken ex,suicune,Suicune ex Baxcalibur,22,15,2,,39,58.97,15.44
pooled,frozen28,blaziken,Mega Blaziken ex,suicune,Suicune ex Baxcalibur,35,22,3,,60,60.83,12.35
development,frozen28,blaziken,Mega Blaziken ex,vespiquen,Vespiquen ex Shuckle ex,24,6,1,,31,79.03,14.33
holdout,frozen28,blaziken,Mega Blaziken ex,vespiquen,Vespiquen ex Shuckle ex,32,11,1,,44,73.86,12.98
pooled,frozen28,blaziken,Mega Blaziken ex,vespiquen,Vespiquen ex Shuckle ex,56,17,2,,75,76.00,9.67
development,frozen28,blaziken,Mega Blaziken ex,weezing,Team Rocket's Weezing ex Hoopa ex,6,9,2,,17,41.18,23.40
holdout,frozen28,blaziken,Mega Blaziken ex,weezing,Team Rocket's Weezing ex Hoopa ex,16,14,1,,31,53.23,17.56
pooled,frozen28,blaziken,Mega Blaziken ex,weezing,Team Rocket's Weezing ex Hoopa ex,22,23,3,,48,48.96,14.14
development,frozen28,hydreigon,Hydreigon Mega Absol ex,lucario,Mega Lucario ex Lucario,34,19,2,,55,63.64,12.71
holdout,frozen28,hydreigon,Hydreigon Mega Absol ex,lucario,Mega Lucario ex Lucario,49,49,4,,102,50.00,9.70
pooled,frozen28,hydreigon,Hydreigon Mega Absol ex,lucario,Mega Lucario ex Lucario,83,68,6,,157,54.78,7.79
development,frozen28,hydreigon,Hydreigon Mega Absol ex,sceptile,Butterfree Mega Sceptile ex,12,19,4,,35,40.00,16.23
holdout,frozen28,hydreigon,Hydreigon Mega Absol ex,sceptile,Butterfree Mega Sceptile ex,19,28,0,,47,40.43,14.03
pooled,frozen28,hydreigon,Hydreigon Mega Absol ex,sceptile,Butterfree Mega Sceptile ex,31,47,4,,82,40.24,10.61
development,frozen28,hydreigon,Hydreigon Mega Absol ex,suicune,Suicune ex Baxcalibur,10,24,1,,35,30.00,15.18
holdout,frozen28,hydreigon,Hydreigon Mega Absol ex,suicune,Suicune ex Baxcalibur,11,20,2,,33,36.36,16.41
pooled,frozen28,hydreigon,Hydreigon Mega Absol ex,suicune,Suicune ex Baxcalibur,21,44,3,,68,33.09,11.18
development,frozen28,hydreigon,Hydreigon Mega Absol ex,vespiquen,Vespiquen ex Shuckle ex,13,23,2,,38,36.84,15.34
holdout,frozen28,hydreigon,Hydreigon Mega Absol ex,vespiquen,Vespiquen ex Shuckle ex,23,35,1,,59,39.83,12.49
pooled,frozen28,hydreigon,Hydreigon Mega Absol ex,vespiquen,Vespiquen ex Shuckle ex,36,58,3,,97,38.66,9.69
development,frozen28,hydreigon,Hydreigon Mega Absol ex,weezing,Team Rocket's Weezing ex Hoopa ex,11,13,0,,24,45.83,19.93
holdout,frozen28,hydreigon,Hydreigon Mega Absol ex,weezing,Team Rocket's Weezing ex Hoopa ex,12,13,2,,27,48.15,18.85
pooled,frozen28,hydreigon,Hydreigon Mega Absol ex,weezing,Team Rocket's Weezing ex Hoopa ex,23,26,2,,51,47.06,13.70
development,frozen28,lucario,Mega Lucario ex Lucario,sceptile,Butterfree Mega Sceptile ex,44,68,2,,114,39.47,8.97
holdout,frozen28,lucario,Mega Lucario ex Lucario,sceptile,Butterfree Mega Sceptile ex,42,78,3,,123,35.37,8.45
pooled,frozen28,lucario,Mega Lucario ex Lucario,sceptile,Butterfree Mega Sceptile ex,86,146,5,,237,37.34,6.16
development,frozen28,lucario,Mega Lucario ex Lucario,suicune,Suicune ex Baxcalibur,49,34,2,,85,58.82,10.46
holdout,frozen28,lucario,Mega Lucario ex Lucario,suicune,Suicune ex Baxcalibur,51,39,1,,91,56.59,10.18
pooled,frozen28,lucario,Mega Lucario ex Lucario,suicune,Suicune ex Baxcalibur,100,73,3,,176,57.67,7.30
development,frozen28,lucario,Mega Lucario ex Lucario,vespiquen,Vespiquen ex Shuckle ex,73,31,3,,107,69.63,8.71
holdout,frozen28,lucario,Mega Lucario ex Lucario,vespiquen,Vespiquen ex Shuckle ex,68,27,4,,99,70.71,8.97
pooled,frozen28,lucario,Mega Lucario ex Lucario,vespiquen,Vespiquen ex Shuckle ex,141,58,7,,206,70.15,6.25
development,frozen28,lucario,Mega Lucario ex Lucario,weezing,Team Rocket's Weezing ex Hoopa ex,46,28,4,,78,61.54,10.80
holdout,frozen28,lucario,Mega Lucario ex Lucario,weezing,Team Rocket's Weezing ex Hoopa ex,28,28,2,,58,50.00,12.87
pooled,frozen28,lucario,Mega Lucario ex Lucario,weezing,Team Rocket's Weezing ex Hoopa ex,74,56,6,,136,56.62,8.33
development,frozen28,sceptile,Butterfree Mega Sceptile ex,suicune,Suicune ex Baxcalibur,25,25,2,,52,50.00,13.59
holdout,frozen28,sceptile,Butterfree Mega Sceptile ex,suicune,Suicune ex Baxcalibur,24,30,2,,56,44.64,13.02
pooled,frozen28,sceptile,Butterfree Mega Sceptile ex,suicune,Suicune ex Baxcalibur,49,55,4,,108,47.22,9.42
development,frozen28,sceptile,Butterfree Mega Sceptile ex,vespiquen,Vespiquen ex Shuckle ex,19,35,2,,56,35.71,12.55
holdout,frozen28,sceptile,Butterfree Mega Sceptile ex,vespiquen,Vespiquen ex Shuckle ex,26,55,2,,83,32.53,10.08
pooled,frozen28,sceptile,Butterfree Mega Sceptile ex,vespiquen,Vespiquen ex Shuckle ex,45,90,4,,139,33.81,7.86
development,frozen28,sceptile,Butterfree Mega Sceptile ex,weezing,Team Rocket's Weezing ex Hoopa ex,24,11,1,,36,68.06,15.23
holdout,frozen28,sceptile,Butterfree Mega Sceptile ex,weezing,Team Rocket's Weezing ex Hoopa ex,27,14,3,,44,64.77,14.11
pooled,frozen28,sceptile,Butterfree Mega Sceptile ex,weezing,Team Rocket's Weezing ex Hoopa ex,51,25,4,,80,66.25,10.36
development,frozen28,suicune,Suicune ex Baxcalibur,vespiquen,Vespiquen ex Shuckle ex,20,51,1,,72,28.47,10.42
holdout,frozen28,suicune,Suicune ex Baxcalibur,vespiquen,Vespiquen ex Shuckle ex,15,41,2,,58,27.59,11.50
pooled,frozen28,suicune,Suicune ex Baxcalibur,vespiquen,Vespiquen ex Shuckle ex,35,92,3,,130,28.08,7.72
development,frozen28,suicune,Suicune ex Baxcalibur,weezing,Team Rocket's Weezing ex Hoopa ex,23,15,1,,39,60.26,15.36
holdout,frozen28,suicune,Suicune ex Baxcalibur,weezing,Team Rocket's Weezing ex Hoopa ex,27,12,3,,42,67.86,14.12
pooled,frozen28,suicune,Suicune ex Baxcalibur,weezing,Team Rocket's Weezing ex Hoopa ex,50,27,4,,81,64.20,10.44
development,frozen28,vespiquen,Vespiquen ex Shuckle ex,weezing,Team Rocket's Weezing ex Hoopa ex,35,6,2,,43,83.72,11.03
holdout,frozen28,vespiquen,Vespiquen ex Shuckle ex,weezing,Team Rocket's Weezing ex Hoopa ex,35,7,0,,42,83.33,11.27
pooled,frozen28,vespiquen,Vespiquen ex Shuckle ex,weezing,Team Rocket's Weezing ex Hoopa ex,70,13,2,,85,83.53,7.89
