deck	card	kind	games	games_offered	games_played	offered_turns	offered_turns_free	played_turns	play_rate
brews/brew-01-arceus-crobat-xatu	Cyrus	Supporter	240	50	35	61	57	35	0.614
brews/brew-01-arceus-crobat-xatu	Giant Cape	Tool	240	144	141	144	144	141	0.979
brews/brew-01-arceus-crobat-xatu	Lisia	Supporter	240	139	120	185	152	120	0.789
brews/brew-01-arceus-crobat-xatu	Poké Ball	Item	240	201	192	278	278	246	0.885
brews/brew-01-arceus-crobat-xatu	Professor's Research	Supporter	240	189	186	311	289	283	0.979
brews/brew-01-arceus-crobat-xatu	Rare Candy	Item	240	165	164	178	178	176	0.989
brews/brew-01-arceus-crobat-xatu	Will	Supporter	240	144	29	429	287	29	0.101
brews/brew-02-arceus-tandemaus-persian	Cyrus	Supporter	240	49	42	50	46	42	0.913
brews/brew-02-arceus-tandemaus-persian	Giant Cape	Tool	240	162	158	162	162	158	0.975
brews/brew-02-arceus-tandemaus-persian	Lisia	Supporter	240	204	178	458	370	207	0.559
brews/brew-02-arceus-tandemaus-persian	Poké Ball	Item	240	210	199	324	324	266	0.821
brews/brew-02-arceus-tandemaus-persian	Professor's Research	Supporter	240	186	181	300	266	258	0.970
brews/brew-02-arceus-tandemaus-persian	Team Rocket's Boss	Supporter	240	162	9	528	339	9	0.027
brews/brew-02-arceus-tandemaus-persian	X Speed	Item	240	165	100	400	400	100	0.250
brews/brew-03a-arceus-nihilego-toxapex	Cyrus	Supporter	240	45	38	54	48	38	0.792
brews/brew-03a-arceus-nihilego-toxapex	Giant Cape	Tool	240	157	154	157	157	154	0.981
brews/brew-03a-arceus-nihilego-toxapex	Poison Barb	Tool	240	154	133	294	294	133	0.452
brews/brew-03a-arceus-nihilego-toxapex	Poké Ball	Item	240	202	201	279	279	264	0.946
brews/brew-03a-arceus-nihilego-toxapex	Professor's Research	Supporter	240	186	186	281	266	262	0.985
brews/brew-03a-arceus-nihilego-toxapex	Rocky Helmet	Tool	240	164	150	224	224	150	0.670
brews/brew-03a-arceus-nihilego-toxapex	Sabrina	Supporter	240	150	132	212	186	132	0.710
brews/brew-03a-arceus-nihilego-toxapex	Team Rocket's Goo-zooka	Item	240	211	24	878	878	29	0.033
brews/brew-03a-arceus-nihilego-toxapex	X Speed	Item	240	174	95	397	397	95	0.239
brews/brew-03b-arceus-crobat-nihilego-toxapex	Giant Cape	Tool	240	147	143	147	147	143	0.973
brews/brew-03b-arceus-crobat-nihilego-toxapex	Lisia	Supporter	240	154	108	256	211	108	0.512
brews/brew-03b-arceus-crobat-nihilego-toxapex	Poké Ball	Item	240	202	201	272	272	264	0.971
brews/brew-03b-arceus-crobat-nihilego-toxapex	Professor's Research	Supporter	240	178	178	279	269	266	0.989
brews/brew-03b-arceus-crobat-nihilego-toxapex	Rare Candy	Item	240	149	148	166	166	162	0.976
brews/brew-03b-arceus-crobat-nihilego-toxapex	Team Rocket's Goo-zooka	Item	240	158	12	581	581	12	0.021
brews/brew-04-xatu-slowking	Arcade	Stadium	240	179	136	230	230	136	0.591
brews/brew-04-xatu-slowking	Cyrus	Supporter	240	50	42	58	51	42	0.824
brews/brew-04-xatu-slowking	Giant Cape	Tool	240	176	169	189	189	169	0.894
brews/brew-04-xatu-slowking	Lucky Egg	Tool	240	176	147	260	260	147	0.565
brews/brew-04-xatu-slowking	Poké Ball	Item	240	215	205	397	397	314	0.791
brews/brew-04-xatu-slowking	Professor's Research	Supporter	240	198	197	314	302	296	0.980
brews/brew-04-xatu-slowking	Will	Supporter	240	176	76	429	309	76	0.246
brews/brew-04-xatu-slowking	X Speed	Item	240	186	89	460	460	93	0.202
brews/brew-05-meowstic-hatterene-confusion	Giant Cape	Tool	240	162	157	162	162	157	0.969
brews/brew-05-meowstic-hatterene-confusion	Poké Ball	Item	240	204	197	307	307	241	0.785
brews/brew-05-meowstic-hatterene-confusion	Professor's Research	Supporter	240	195	194	291	277	272	0.982
brews/brew-05-meowstic-hatterene-confusion	Rare Candy	Item	240	131	120	147	147	131	0.891
brews/brew-05-meowstic-hatterene-confusion	Team Rocket's Master Plan	Supporter	240	211	108	768	637	139	0.218
brews/brew-05-meowstic-hatterene-confusion	X Speed	Item	240	141	52	423	423	52	0.123
brews/brew-05b-meowstic-hatterene-comfey	Copycat	Supporter	240	213	197	476	378	281	0.743
brews/brew-05b-meowstic-hatterene-comfey	Peculiar Plaza	Stadium	240	188	179	196	196	179	0.913
brews/brew-05b-meowstic-hatterene-comfey	Poké Ball	Item	240	217	206	372	372	276	0.742
brews/brew-05b-meowstic-hatterene-comfey	Professor's Research	Supporter	240	205	192	340	291	283	0.973
brews/brew-05b-meowstic-hatterene-comfey	Rare Candy	Item	240	180	180	241	241	231	0.959
brews/brew-05b-meowstic-hatterene-comfey	Team Rocket's Master Plan	Supporter	240	223	107	761	469	130	0.277
brews/brew-06-pyukumuku-silvally-payback	Copycat	Supporter	240	210	194	477	344	257	0.747
brews/brew-06-pyukumuku-silvally-payback	Cyrus	Supporter	240	47	32	52	41	32	0.780
brews/brew-06-pyukumuku-silvally-payback	Field Blower	Item	240	176	137	267	267	137	0.513
brews/brew-06-pyukumuku-silvally-payback	Gladion	Supporter	240	181	132	267	166	132	0.795
brews/brew-06-pyukumuku-silvally-payback	Poké Ball	Item	240	229	225	362	362	324	0.895
brews/brew-06-pyukumuku-silvally-payback	Professor's Research	Supporter	240	214	198	393	315	314	0.997
brews/brew-06-pyukumuku-silvally-payback	Red	Supporter	240	177	62	499	265	62	0.234
brews/brew-06-pyukumuku-silvally-payback	Rocky Helmet	Tool	240	190	179	202	202	179	0.886
brews/brew-06b-pyukumuku-silvally-scyther-grass	Copycat	Supporter	240	213	179	462	317	238	0.751
brews/brew-06b-pyukumuku-silvally-scyther-grass	Cyrus	Supporter	240	63	46	67	54	46	0.852
brews/brew-06b-pyukumuku-silvally-scyther-grass	Gladion	Supporter	240	168	118	249	139	118	0.849
brews/brew-06b-pyukumuku-silvally-scyther-grass	Poké Ball	Item	240	223	211	352	352	290	0.824
brews/brew-06b-pyukumuku-silvally-scyther-grass	Professor's Research	Supporter	240	205	190	361	291	287	0.986
brews/brew-06b-pyukumuku-silvally-scyther-grass	Protective Poncho	Tool	240	178	169	216	216	169	0.782
brews/brew-06b-pyukumuku-silvally-scyther-grass	Red	Supporter	240	177	64	440	215	64	0.298
brews/brew-06b-pyukumuku-silvally-scyther-grass	Rocky Helmet	Tool	240	182	167	248	248	167	0.673
brews/brew-07-hoopa-darkrai-sableye	Copycat	Supporter	240	162	114	258	177	114	0.644
brews/brew-07-hoopa-darkrai-sableye	Cyrus	Supporter	240	184	140	309	257	176	0.685
brews/brew-07-hoopa-darkrai-sableye	Deceptive Needle	Tool	240	218	211	423	423	304	0.719
brews/brew-07-hoopa-darkrai-sableye	Field Blower	Item	240	170	126	326	326	126	0.387
brews/brew-07-hoopa-darkrai-sableye	Lucky Ice Pop	Item	240	203	191	324	324	282	0.870
brews/brew-07-hoopa-darkrai-sableye	Poké Ball	Item	240	216	204	342	342	253	0.740
brews/brew-07-hoopa-darkrai-sableye	Pokémon Center Lady	Supporter	240	155	118	225	157	118	0.752
brews/brew-07-hoopa-darkrai-sableye	Professor's Research	Supporter	240	196	190	341	295	281	0.953
brews/brew-07-hoopa-darkrai-sableye	Repel	Item	240	140	101	196	196	101	0.515
brews/brew-07-hoopa-darkrai-sableye	Starting Plains	Stadium	240	172	154	232	232	154	0.664
brews/brew-07-hoopa-darkrai-sableye	X Speed	Item	240	168	83	448	448	83	0.185
brews/brew-08-entei-rainbow-cave	Copycat	Supporter	240	233	153	769	394	195	0.495
brews/brew-08-entei-rainbow-cave	Cyrus	Supporter	240	127	105	147	123	105	0.854
brews/brew-08-entei-rainbow-cave	Flame Patch	Item	240	208	203	318	318	255	0.802
brews/brew-08-entei-rainbow-cave	Giant Cape	Tool	240	237	235	417	417	383	0.918
brews/brew-08-entei-rainbow-cave	Lucky Ice Pop	Item	240	227	223	432	432	395	0.914
brews/brew-08-entei-rainbow-cave	Poké Ball	Item	240	206	132	352	352	132	0.375
brews/brew-08-entei-rainbow-cave	Pokémon Center Lady	Supporter	240	204	152	333	184	152	0.826
brews/brew-08-entei-rainbow-cave	Professor's Research	Supporter	240	224	213	478	359	344	0.958
brews/brew-08-entei-rainbow-cave	Rainbow Cave	Stadium	240	236	92	995	995	96	0.096
brews/brew-08-entei-rainbow-cave	Repel	Item	240	194	140	240	240	140	0.583
brews/brew-08-entei-rainbow-cave	Sabrina	Supporter	240	219	167	405	243	167	0.687
brews/brew-08-entei-rainbow-cave	Starting Plains	Stadium	240	218	197	353	353	197	0.558
brews/brew-09-sableye-obstagoon	Copycat	Supporter	240	204	171	467	335	228	0.681
brews/brew-09-sableye-obstagoon	Cyrus	Supporter	240	51	42	55	50	42	0.840
brews/brew-09-sableye-obstagoon	Deceptive Needle	Tool	240	178	153	250	250	153	0.612
brews/brew-09-sableye-obstagoon	Field Blower	Item	240	172	107	339	339	107	0.316
brews/brew-09-sableye-obstagoon	Giant Cape	Tool	240	185	175	195	195	175	0.897
brews/brew-09-sableye-obstagoon	Poké Ball	Item	240	218	200	384	384	249	0.648
brews/brew-09-sableye-obstagoon	Pokémon Center Lady	Supporter	240	145	118	159	131	118	0.901
brews/brew-09-sableye-obstagoon	Professor's Research	Supporter	240	208	197	342	299	286	0.957
brews/brew-09-sableye-obstagoon	Rare Candy	Item	240	165	153	187	187	170	0.909
brews/brew-09-sableye-obstagoon	Starting Plains	Stadium	240	178	150	280	280	150	0.536
brews/brew-10-diancie-giratina	Copycat	Supporter	240	216	200	481	361	266	0.737
brews/brew-10-diancie-giratina	Cyrus	Supporter	240	26	20	27	25	20	0.800
brews/brew-10-diancie-giratina	Field Blower	Item	240	192	100	456	456	100	0.219
brews/brew-10-diancie-giratina	Giant Cape	Tool	240	228	216	395	395	313	0.792
brews/brew-10-diancie-giratina	Lucky Ice Pop	Item	240	173	155	221	221	183	0.828
brews/brew-10-diancie-giratina	Peculiar Plaza	Stadium	240	182	147	272	272	147	0.540
brews/brew-10-diancie-giratina	Poké Ball	Item	240	226	220	350	350	301	0.860
brews/brew-10-diancie-giratina	Pokémon Center Lady	Supporter	240	162	122	237	162	122	0.753
brews/brew-10-diancie-giratina	Professor's Research	Supporter	240	203	192	354	312	292	0.936
brews/brew-10-diancie-giratina	Starting Plains	Stadium	240	187	180	216	216	180	0.833
dustin/01-muk-glimmora-kingambit-regigigas	Copycat	Supporter	240	225	221	522	443	341	0.770
dustin/01-muk-glimmora-kingambit-regigigas	Heavy Helmet	Tool	240	219	210	250	250	210	0.840
dustin/01-muk-glimmora-kingambit-regigigas	Ilima	Supporter	240	134	24	198	134	24	0.179
dustin/01-muk-glimmora-kingambit-regigigas	Lucky Ice Pop	Item	240	178	174	225	225	213	0.947
dustin/01-muk-glimmora-kingambit-regigigas	Mesagoza	Stadium	240	205	179	248	248	179	0.722
dustin/01-muk-glimmora-kingambit-regigigas	Poké Ball	Item	240	227	213	446	446	289	0.648
dustin/01-muk-glimmora-kingambit-regigigas	Professor's Research	Supporter	240	219	214	410	362	356	0.983
dustin/01-muk-glimmora-kingambit-regigigas	Rare Candy	Item	240	146	145	154	154	145	0.942
dustin/02-arceus-crobat	Copycat	Supporter	240	179	115	320	198	115	0.581
dustin/02-arceus-crobat	Giant Cape	Tool	240	189	180	200	200	180	0.900
dustin/02-arceus-crobat	Guzma	Supporter	240	184	110	385	240	110	0.458
dustin/02-arceus-crobat	Ilima	Supporter	240	117	39	180	117	39	0.333
dustin/02-arceus-crobat	Lisia	Supporter	240	185	132	306	190	132	0.695
dustin/02-arceus-crobat	Lucky Egg	Tool	240	174	146	283	283	146	0.516
dustin/02-arceus-crobat	Poké Ball	Item	240	182	159	190	190	159	0.837
dustin/02-arceus-crobat	Professor's Research	Supporter	240	211	200	376	308	303	0.984
dustin/02-arceus-crobat	Rare Candy	Item	240	161	159	200	200	189	0.945
dustin/02-arceus-crobat	Starting Plains	Stadium	240	176	135	293	293	135	0.461
dustin/03-wailord-indeedee-wall	Copycat	Supporter	240	207	181	296	239	181	0.757
dustin/03-wailord-indeedee-wall	Cyrus	Supporter	240	82	77	95	85	77	0.906
dustin/03-wailord-indeedee-wall	Heavy Helmet	Tool	240	234	231	528	528	383	0.725
dustin/03-wailord-indeedee-wall	Irida	Supporter	240	188	155	294	254	155	0.610
dustin/03-wailord-indeedee-wall	Lucky Ice Pop	Item	240	221	194	642	642	356	0.555
dustin/03-wailord-indeedee-wall	Poké Ball	Item	240	230	217	509	509	299	0.587
dustin/03-wailord-indeedee-wall	Pokémon Center Lady	Supporter	240	186	129	428	277	129	0.466
dustin/03-wailord-indeedee-wall	Professor's Research	Supporter	240	222	215	414	364	349	0.959
dustin/03-wailord-indeedee-wall	Soothing Shore	Stadium	240	235	186	871	871	204	0.234
dustin/04-absol-hoopa-darkrai	Copycat	Supporter	240	209	175	477	322	233	0.724
dustin/04-absol-hoopa-darkrai	Cyrus	Supporter	240	122	94	144	127	94	0.740
dustin/04-absol-hoopa-darkrai	Deceptive Needle	Tool	240	226	215	436	436	314	0.720
dustin/04-absol-hoopa-darkrai	Poké Ball	Item	240	213	206	316	316	283	0.896
dustin/04-absol-hoopa-darkrai	Professor's Research	Supporter	240	205	189	363	293	282	0.962
dustin/04-absol-hoopa-darkrai	Sabrina	Supporter	240	157	107	236	158	107	0.677
dustin/04-absol-hoopa-darkrai	Starting Plains	Stadium	240	218	196	383	383	258	0.674
dustin/04-absol-hoopa-darkrai	X Speed	Item	240	180	89	450	450	89	0.198
dustin/05-indeedee-stoutland	Cheren	Supporter	240	171	7	560	302	7	0.023
dustin/05-indeedee-stoutland	Copycat	Supporter	240	201	174	529	377	236	0.626
dustin/05-indeedee-stoutland	Cyrus	Supporter	240	80	61	97	79	61	0.772
dustin/05-indeedee-stoutland	Field Blower	Item	240	171	121	268	268	121	0.451
dustin/05-indeedee-stoutland	Lillie	Supporter	240	66	43	81	66	43	0.652
dustin/05-indeedee-stoutland	Poké Ball	Item	240	216	205	376	376	271	0.721
dustin/05-indeedee-stoutland	Professor's Research	Supporter	240	201	188	350	302	296	0.980
dustin/05-indeedee-stoutland	Protective Poncho	Tool	240	189	176	204	204	176	0.863
dustin/05-indeedee-stoutland	Psychic	Supporter	240	100	82	112	93	82	0.882
dustin/05-indeedee-stoutland	Rare Candy	Item	240	170	168	218	218	211	0.968
dustin/06-mega-blaziken-tournament-list	Copycat	Supporter	240	215	186	460	345	247	0.716
dustin/06-mega-blaziken-tournament-list	Cyrus	Supporter	240	88	64	100	85	64	0.753
dustin/06-mega-blaziken-tournament-list	Field Blower	Item	240	183	112	330	330	112	0.339
dustin/06-mega-blaziken-tournament-list	Flame Patch	Item	240	213	204	358	358	300	0.838
dustin/06-mega-blaziken-tournament-list	Hiking Trail	Stadium	240	166	130	234	234	130	0.556
dustin/06-mega-blaziken-tournament-list	Poké Ball	Item	240	214	200	363	363	271	0.747
dustin/06-mega-blaziken-tournament-list	Professor's Research	Supporter	240	210	194	365	308	289	0.938
dustin/06-mega-blaziken-tournament-list	Rare Candy	Item	240	187	185	241	241	215	0.892
dustin/06-mega-blaziken-tournament-list	Rocky Helmet	Tool	240	190	167	236	236	167	0.708
dustin/07-skarmory-stall	Cyrus	Supporter	240	136	124	201	185	161	0.870
dustin/07-skarmory-stall	Jasmine	Supporter	240	225	6	1078	496	6	0.012
dustin/07-skarmory-stall	Lucky Ice Pop	Item	240	157	147	252	252	193	0.766
dustin/07-skarmory-stall	Metal Core Barrier	Tool	240	209	193	364	364	274	0.753
dustin/07-skarmory-stall	Poké Ball	Item	240	211	197	460	460	241	0.524
dustin/07-skarmory-stall	Pokémon Center Lady	Supporter	240	149	114	287	166	114	0.687
dustin/07-skarmory-stall	Professor's Research	Supporter	240	188	180	339	273	257	0.941
dustin/07-skarmory-stall	Red	Supporter	240	220	142	907	542	176	0.325
dustin/07-skarmory-stall	Sabrina	Supporter	240	163	142	257	180	142	0.789
dustin/07-skarmory-stall	Starting Plains	Stadium	240	173	147	311	311	147	0.473
dustin/07-skarmory-stall	Steel Apron	Tool	240	154	146	198	198	146	0.737
dustin/08-garchomp-toolbox	Copycat	Supporter	240	160	121	244	187	121	0.647
dustin/08-garchomp-toolbox	Cynthia	Supporter	240	190	86	523	354	86	0.243
dustin/08-garchomp-toolbox	Lucky Ice Pop	Item	240	140	127	170	170	146	0.859
dustin/08-garchomp-toolbox	Mesagoza	Stadium	240	177	138	257	257	138	0.537
dustin/08-garchomp-toolbox	Poké Ball	Item	240	206	196	392	392	241	0.615
dustin/08-garchomp-toolbox	Pokémon Flute	Item	240	55	1	105	105	1	0.010
dustin/08-garchomp-toolbox	Professor's Research	Supporter	240	203	196	315	289	285	0.986
dustin/08-garchomp-toolbox	Rainbow Cave	Stadium	240	183	39	579	579	39	0.067
dustin/08-garchomp-toolbox	Small Balloon	Tool	240	168	159	185	185	159	0.859
dustin/08-garchomp-toolbox	Wally	Supporter	240	105	55	154	110	55	0.500
dustin/09-mega-manectric-heliolisk	Clemont	Supporter	240	156	133	204	144	133	0.924
dustin/09-mega-manectric-heliolisk	Clemont's Backpack	Item	240	224	174	583	583	203	0.348
dustin/09-mega-manectric-heliolisk	Copycat	Supporter	240	137	108	198	138	108	0.783
dustin/09-mega-manectric-heliolisk	Cyrus	Supporter	240	98	58	127	105	58	0.552
dustin/09-mega-manectric-heliolisk	Elegant Cape	Tool	240	170	154	171	171	154	0.901
dustin/09-mega-manectric-heliolisk	Field Blower	Item	240	134	72	236	236	72	0.305
dustin/09-mega-manectric-heliolisk	Poké Ball	Item	240	203	196	286	286	229	0.801
dustin/09-mega-manectric-heliolisk	Professor's Research	Supporter	240	189	174	297	269	240	0.892
dustin/09-mega-manectric-heliolisk	Training Area	Stadium	240	162	108	316	316	108	0.342
dustin/10-xatu-oricorio-tr-weezing	Copycat	Supporter	240	219	190	423	317	265	0.836
dustin/10-xatu-oricorio-tr-weezing	Cyrus	Supporter	240	64	48	74	61	48	0.787
dustin/10-xatu-oricorio-tr-weezing	Hiking Trail	Stadium	240	218	183	305	305	200	0.656
dustin/10-xatu-oricorio-tr-weezing	Poison Barb	Tool	240	229	211	460	460	314	0.683
dustin/10-xatu-oricorio-tr-weezing	Poké Ball	Item	240	227	216	365	365	324	0.888
dustin/10-xatu-oricorio-tr-weezing	Professor's Research	Supporter	240	210	198	329	285	280	0.982
dustin/10-xatu-oricorio-tr-weezing	Will	Supporter	240	192	95	323	157	95	0.605
dustin/11-archaludon-haxorus-dragonair	Copycat	Supporter	240	137	123	161	143	123	0.860
dustin/11-archaludon-haxorus-dragonair	Iris	Supporter	240	168	24	542	407	24	0.059
dustin/11-archaludon-haxorus-dragonair	Lucky Ice Pop	Item	240	134	130	163	163	157	0.963
dustin/11-archaludon-haxorus-dragonair	Poké Ball	Item	240	205	201	325	325	271	0.834
dustin/11-archaludon-haxorus-dragonair	Professor's Research	Supporter	240	201	196	316	298	297	0.997
dustin/11-archaludon-haxorus-dragonair	Rainbow Cave	Stadium	240	221	68	823	823	69	0.084
dustin/12-ariados-whimsicott-ogerpon	Copycat	Supporter	240	180	136	259	197	136	0.690
dustin/12-ariados-whimsicott-ogerpon	Hiking Trail	Stadium	240	169	146	235	235	146	0.621
dustin/12-ariados-whimsicott-ogerpon	Leaf Cape	Tool	240	197	188	200	200	188	0.940
dustin/12-ariados-whimsicott-ogerpon	Lisia	Supporter	240	179	135	234	178	135	0.758
dustin/12-ariados-whimsicott-ogerpon	Poké Ball	Item	240	177	155	200	200	155	0.775
dustin/12-ariados-whimsicott-ogerpon	Professor's Research	Supporter	240	209	204	356	326	315	0.966
dustin/12-ariados-whimsicott-ogerpon	Quick-Grow Extract	Item	240	182	159	216	216	159	0.736
dustin/12-ariados-whimsicott-ogerpon	Team Rocket's Goo-zooka	Item	240	228	178	673	673	243	0.361
dustin/12-ariados-whimsicott-ogerpon	X Speed	Item	240	195	135	343	343	135	0.394
dustin/13-a-ninetales-raticate	Copycat	Supporter	240	163	134	273	177	134	0.757
dustin/13-a-ninetales-raticate	Cyrus	Supporter	240	57	44	68	60	44	0.733
dustin/13-a-ninetales-raticate	Elegant Cape	Tool	240	166	162	170	170	162	0.953
dustin/13-a-ninetales-raticate	Field Blower	Item	240	166	104	301	301	104	0.346
dustin/13-a-ninetales-raticate	Ilima	Supporter	240	92	4	198	113	4	0.035
dustin/13-a-ninetales-raticate	Poké Ball	Item	240	205	191	372	372	241	0.648
dustin/13-a-ninetales-raticate	Professor's Research	Supporter	240	194	187	315	285	275	0.965
dustin/13-a-ninetales-raticate	Sabrina	Supporter	240	153	107	277	192	107	0.557
dustin/13-a-ninetales-raticate	Sightseer	Supporter	240	163	124	249	159	124	0.780
dustin/13-a-ninetales-raticate	Soothing Shore	Stadium	240	162	120	320	320	120	0.375
dustin/14-comfey-raticate-hypno	Copycat	Supporter	240	159	128	260	192	128	0.667
dustin/14-comfey-raticate-hypno	Cyrus	Supporter	240	61	35	77	66	35	0.530
dustin/14-comfey-raticate-hypno	Elegant Cape	Tool	240	180	169	192	192	169	0.880
dustin/14-comfey-raticate-hypno	Poké Ball	Item	240	214	202	340	340	256	0.753
dustin/14-comfey-raticate-hypno	Pokémon Flute	Item	240	69	3	143	143	3	0.021
dustin/14-comfey-raticate-hypno	Professor's Research	Supporter	240	202	186	349	301	262	0.870
dustin/14-comfey-raticate-hypno	Sightseer	Supporter	240	160	107	294	175	107	0.611
dustin/14-comfey-raticate-hypno	Team Rocket's Goo-zooka	Item	240	175	24	569	569	24	0.042
dustin/14-comfey-raticate-hypno	Team Rocket's Researcher	Supporter	240	160	125	230	161	125	0.776
dustin/15-jolteon-oricorio-raticate	Copycat	Supporter	240	156	126	247	157	126	0.803
dustin/15-jolteon-oricorio-raticate	Cyrus	Supporter	240	84	56	117	88	56	0.636
dustin/15-jolteon-oricorio-raticate	Ilima	Supporter	240	98	11	185	84	11	0.131
dustin/15-jolteon-oricorio-raticate	Lisia	Supporter	240	157	104	260	156	104	0.667
dustin/15-jolteon-oricorio-raticate	Poké Ball	Item	240	217	195	362	362	247	0.682
dustin/15-jolteon-oricorio-raticate	Pokémon Center Lady	Supporter	240	146	111	198	126	111	0.881
dustin/15-jolteon-oricorio-raticate	Professor's Research	Supporter	240	201	191	370	301	287	0.953
dustin/15-jolteon-oricorio-raticate	Sabrina	Supporter	240	147	109	252	155	109	0.703
dustin/15-jolteon-oricorio-raticate	Team Rocket's Goo-zooka	Item	240	180	29	629	629	29	0.046
research/altaria	Copycat	Supporter	240	211	198	431	353	274	0.776
research/altaria	Field Blower	Item	240	160	99	292	292	99	0.339
research/altaria	Poké Ball	Item	240	218	209	335	335	284	0.848
research/altaria	Professor's Research	Supporter	240	208	191	358	294	275	0.935
research/altaria	Sabrina	Supporter	240	165	121	246	175	121	0.691
research/altaria	Small Balloon	Tool	240	182	167	199	199	167	0.839
research/altaria	Training Area	Stadium	240	182	126	387	387	126	0.326
research/blaziken	Copycat	Supporter	240	211	180	454	342	240	0.702
research/blaziken	Cyrus	Supporter	240	74	47	83	70	47	0.671
research/blaziken	Field Blower	Item	240	182	100	308	308	100	0.325
research/blaziken	Flame Patch	Item	240	202	188	333	333	273	0.820
research/blaziken	Hiking Trail	Stadium	240	169	130	251	251	130	0.518
research/blaziken	Poké Ball	Item	240	215	200	360	360	267	0.742
research/blaziken	Professor's Research	Supporter	240	203	194	368	319	289	0.906
research/blaziken	Rare Candy	Item	240	186	181	248	248	216	0.871
research/blaziken	Rocky Helmet	Tool	240	185	161	225	225	161	0.716
research/hydreigon	Copycat	Supporter	240	203	173	457	319	231	0.724
research/hydreigon	Cyrus	Supporter	240	76	59	88	72	59	0.819
research/hydreigon	Deceptive Needle	Tool	240	230	223	403	403	312	0.774
research/hydreigon	Lucky Ice Pop	Item	240	196	185	340	340	281	0.826
research/hydreigon	Poké Ball	Item	240	219	205	375	375	250	0.667
research/hydreigon	Professor's Research	Supporter	240	202	186	361	290	276	0.952
research/hydreigon	Rare Candy	Item	240	172	162	205	205	188	0.917
research/hydreigon	Sabrina	Supporter	240	162	119	235	158	119	0.753
research/lucario	Arena of Antiquity	Stadium	240	164	93	416	416	93	0.224
research/lucario	Copycat	Supporter	240	190	159	402	279	208	0.746
research/lucario	Cyrus	Supporter	240	83	57	96	78	57	0.731
research/lucario	Field Blower	Item	240	146	79	273	273	79	0.289
research/lucario	Korrina	Supporter	240	170	72	408	213	72	0.338
research/lucario	Poké Ball	Item	240	202	184	332	332	240	0.723
research/lucario	Pokémon Center Lady	Supporter	240	132	87	182	118	87	0.737
research/lucario	Professor's Research	Supporter	240	194	174	311	255	241	0.945
research/lucario	Protective Poncho	Tool	240	179	149	237	237	149	0.629
research/lucario	X Speed	Item	240	156	63	330	330	63	0.191
research/sceptile	Copycat	Supporter	240	172	121	301	195	121	0.621
research/sceptile	Cyrus	Supporter	240	74	56	84	73	56	0.767
research/sceptile	Erika	Supporter	240	166	128	246	170	128	0.753
research/sceptile	Fragrant Forest	Stadium	240	192	165	289	289	169	0.585
research/sceptile	Leaf Cape	Tool	240	191	178	199	199	178	0.894
research/sceptile	Professor's Research	Supporter	240	204	193	379	312	296	0.949
research/sceptile	Quick-Grow Extract	Item	240	222	199	404	404	262	0.649
research/sceptile	Sabrina	Supporter	240	167	133	255	192	133	0.693
research/suicune	Copycat	Supporter	240	192	138	321	239	138	0.577
research/suicune	Field Blower	Item	240	193	112	402	402	112	0.279
research/suicune	Giant Cape	Tool	240	201	192	212	212	192	0.906
research/suicune	Inflatable Boat	Tool	240	198	175	274	274	175	0.639
research/suicune	Poké Ball	Item	240	222	214	384	384	291	0.758
research/suicune	Pokémon Center Lady	Supporter	240	182	160	230	188	160	0.851
research/suicune	Professor's Research	Supporter	240	211	206	359	331	308	0.931
research/suicune	Rare Candy	Item	240	215	208	287	287	263	0.916
research/suicune	Soothing Shore	Stadium	240	193	150	359	359	150	0.418
research/suicune	Team Rocket's Boss	Supporter	240	199	9	598	325	9	0.028
research/vespiquen	Copycat	Supporter	240	212	173	508	370	226	0.611
research/vespiquen	Cyrus	Supporter	240	77	61	87	82	61	0.744
research/vespiquen	Field Blower	Item	240	171	94	362	362	94	0.260
research/vespiquen	Fragrant Forest	Stadium	240	186	169	255	255	179	0.702
research/vespiquen	Leaf Cape	Tool	240	220	212	341	341	288	0.845
research/vespiquen	Professor's Research	Supporter	240	204	179	382	311	274	0.881
research/vespiquen	Sabrina	Supporter	240	172	125	263	186	125	0.672
research/vespiquen	X Speed	Item	240	223	120	707	707	144	0.204
research/weezing	Copycat	Supporter	240	205	169	434	291	217	0.746
research/weezing	Cyrus	Supporter	240	157	128	232	195	155	0.795
research/weezing	Deceptive Needle	Tool	240	218	212	361	361	289	0.801
research/weezing	Field Blower	Item	240	162	94	299	299	94	0.314
research/weezing	Mars	Supporter	240	163	83	355	174	83	0.477
research/weezing	Poké Ball	Item	240	211	196	311	311	244	0.785
research/weezing	Professor's Research	Supporter	240	200	191	355	289	278	0.962
research/weezing	X Speed	Item	240	173	86	389	389	86	0.221
