name	games	seconds	program_sha256	ended
5a18d31_new17_k3	8500	660	978912748c83fd6c	2026-10-01T03:33:45Z
5a18d31_new17_kp3	8500	695	978912748c83fd6c	2026-10-01T03:45:21Z
5a18d31_fresh_kta3_table	14000	1097	978912748c83fd6c	2026-10-01T04:03:38Z
5a18d31_fresh_kta3_new17	8500	705	978912748c83fd6c	2026-10-01T04:15:23Z
5a18d31_dev_kta3_table	14000	1001	978912748c83fd6c	2026-10-01T04:32:05Z
5a18d31_dev_kta3_new17	8500	625	978912748c83fd6c	2026-10-01T04:42:31Z
5a18d31_dev_km3_table	14000	780	978912748c83fd6c	2026-10-01T04:55:31Z
5a18d31_dev_km3_new17	8500	544	978912748c83fd6c	2026-10-01T05:04:36Z
5a18d31_table_k3	14000	634	978912748c83fd6c	2026-10-01T05:15:11Z
5a18d31_table_kp3	14000	747	978912748c83fd6c	2026-10-01T05:27:39Z
5a18d31_table_kog3	14000	745	978912748c83fd6c	2026-10-01T05:40:05Z
5a18d31_new17_kog3	8500	522	978912748c83fd6c	2026-10-01T05:48:47Z
5a18d31_table_kq3	14000	907	978912748c83fd6c	2026-10-01T06:03:55Z
5a18d31_table_kpr3_40	1120	80	978912748c83fd6c	2026-10-01T06:05:16Z
5a18d31_table_kd3_40	1120	75	978912748c83fd6c	2026-10-01T06:06:31Z
5a18d31_watch_table_k3	14000	639	8d881a1b1c5c5c14	2026-10-01T06:17:32Z
5a18d31_watch_table_kp3	14000	754	8d881a1b1c5c5c14	2026-10-01T06:30:07Z
floor_02-arceus-crobat	1920	173	2f7e5fd6e0ae21ff	2026-10-01T06:33:26Z
floor_06-mega-blaziken-tournament-list	1920	114	2f7e5fd6e0ae21ff	2026-10-01T06:35:21Z
floor_08-garchomp-toolbox	1920	245	2f7e5fd6e0ae21ff	2026-10-01T06:39:26Z
floor_14-comfey-raticate-hypno	1920	201	2f7e5fd6e0ae21ff	2026-10-01T06:42:47Z
5a18d31_7c_watch_km3	1920	140	8d881a1b1c5c5c14	2026-10-01T06:45:07Z
5a18d31_7c_old_km3	1920	140	fe244ecd92e15970	2026-10-01T06:47:27Z
5a18d31_8b_old_km3	160	15	fe244ecd92e15970	2026-10-01T23:09:55Z
5a18d31_8b_new_km3	160	17	978912748c83fd6c	2026-10-01T23:10:12Z
5a18d31_8b_watch_km3	160	17	8d881a1b1c5c5c14	2026-10-01T23:10:29Z
5a18d31_8b_old_k3	160	12	fe244ecd92e15970	2026-10-01T23:10:41Z
5a18d31_8b_new_k3	160	13	978912748c83fd6c	2026-10-01T23:10:54Z
5a18d31_8b_watch_k3	160	13	8d881a1b1c5c5c14	2026-10-01T23:11:07Z
5a18d31_8_old_km3	16000	1714	fe244ecd92e15970	2026-10-01T23:39:55Z
5a18d31_8_new_km3	16000	1571	978912748c83fd6c	2026-10-02T00:06:06Z
5a18d31_8_watch_km3	16000	1758	8d881a1b1c5c5c14	2026-10-02T00:35:24Z
5a18d31_8_old_k3	8000	748	fe244ecd92e15970	2026-10-02T00:47:56Z
5a18d31_8_new_k3	8000	851	978912748c83fd6c	2026-10-02T01:02:08Z
5a18d31_8_watch_k3	8000	665	8d881a1b1c5c5c14	2026-10-02T01:13:13Z
5a18d31_cov_b2e_km3	48000	2865	978912748c83fd6c	2026-10-02T02:01:22Z
5a18d31_cov_scizor_km3	4000	250	978912748c83fd6c	2026-10-02T02:05:34Z
5a18d31_cov_var_v-lucario_2_km3	3500	160	978912748c83fd6c	2026-10-02T02:08:14Z
5a18d31_cov_var_v-suicune_2_km3	3500	234	978912748c83fd6c	2026-10-02T02:12:09Z
5a18d31_cov_var_v-weezing_2_km3	3500	206	978912748c83fd6c	2026-10-02T02:15:35Z
5a18d31_cov_var_l-charizardy_km3	4000	264	978912748c83fd6c	2026-10-02T02:19:59Z
5a18d31_10_cli_k3	240	8	2f7e5fd6e0ae21ff	2026-10-02T02:22:32Z
5a18d31_10_cli_kp3	240	10	2f7e5fd6e0ae21ff	2026-10-02T02:22:42Z
5a18d31_10_cli_kog3	240	10	2f7e5fd6e0ae21ff	2026-10-02T02:22:52Z
5a18d31_10_cli_kta3	240	10	2f7e5fd6e0ae21ff	2026-10-02T02:23:03Z
5a18d31_10_cli_km3	240	11	2f7e5fd6e0ae21ff	2026-10-02T02:23:14Z
5a18d31_10_run_screen	3840	241	2f7e5fd6e0ae21ff	2026-10-02T02:27:15Z
